Timestamps,Actual,Predicted
2023-01-01 05:00:00,11.4,10.577999999999998
2023-01-01 06:00:00,11.3,10.149000000000006
2023-01-01 07:00:00,11.4,9.845999999999998
2023-01-01 08:00:00,15.7,13.28300000000001
2023-01-01 09:00:00,16.6,15.668000000000008
2023-01-01 10:00:00,18.3,16.801999999999992
2023-01-01 11:00:00,17.5,17.277
2023-01-01 12:00:00,17.3,16.011000000000003
2023-01-01 13:00:00,19.0,16.88800000000001
2023-01-01 14:00:00,14.8,16.147000000000006
2023-01-01 15:00:00,20.3,16.832000000000008
2023-01-01 16:00:00,18.5,16.788000000000004
2023-01-01 17:00:00,20.3,22.739999999999988
2023-01-01 18:00:00,18.9,24.593000000000004
2023-01-01 19:00:00,19.0,24.908999999999995
2023-01-01 20:00:00,22.2,23.995
2023-01-01 21:00:00,22.0,22.110000000000003
2023-01-01 22:00:00,19.6,21.38099999999997
2023-01-01 23:00:00,17.9,17.68300000000002
2023-01-02 00:00:00,14.0,14.386000000000015
2023-01-02 01:00:00,11.9,12.680000000000007
2023-01-02 02:00:00,11.4,10.86
2023-01-02 03:00:00,10.8,10.241000000000001
2023-01-02 04:00:00,11.0,10.003
2023-01-02 05:00:00,11.1,10.255
2023-01-02 06:00:00,11.9,10.259
2023-01-02 07:00:00,13.4,13.027000000000001
2023-01-02 08:00:00,15.2,13.516000000000009
2023-01-02 09:00:00,16.3,15.597000000000003
2023-01-02 10:00:00,14.5,16.113999999999997
2023-01-02 11:00:00,15.1,16.72
2023-01-02 12:00:00,21.3,16.792
2023-01-02 13:00:00,19.0,17.201
2023-01-02 14:00:00,19.2,17.230000000000004
2023-01-02 15:00:00,16.9,16.907000000000007
2023-01-02 16:00:00,19.6,17.414
2023-01-02 17:00:00,23.3,23.403
2023-01-02 18:00:00,20.6,25.03199999999999
2023-01-02 19:00:00,23.4,24.914999999999992
2023-01-02 20:00:00,25.1,24.209000000000007
2023-01-02 21:00:00,21.3,22.382
2023-01-02 22:00:00,21.9,21.348999999999986
2023-01-02 23:00:00,17.6,18.129
2023-01-03 00:00:00,12.7,14.543000000000017
2023-01-03 01:00:00,10.4,12.251000000000003
2023-01-03 02:00:00,9.6,10.974999999999998
2023-01-03 03:00:00,9.4,10.607999999999997
2023-01-03 04:00:00,9.4,10.575999999999999
2023-01-03 05:00:00,9.9,10.616999999999997
2023-01-03 06:00:00,11.2,10.677
2023-01-03 07:00:00,11.9,13.124000000000006
2023-01-03 08:00:00,15.8,13.59500000000001
2023-01-03 09:00:00,16.7,15.859000000000005
2023-01-03 10:00:00,18.7,16.822999999999993
2023-01-03 11:00:00,18.6,16.818
2023-01-03 12:00:00,17.2,16.25200000000001
2023-01-03 13:00:00,19.7,16.53600000000001
2023-01-03 14:00:00,19.1,16.559000000000005
2023-01-03 15:00:00,20.3,17.058000000000007
2023-01-03 16:00:00,19.7,17.050000000000004
2023-01-03 17:00:00,25.9,22.839000000000002
2023-01-03 18:00:00,24.7,25.024
2023-01-03 19:00:00,26.4,24.716000000000005
2023-01-03 20:00:00,25.7,24.330000000000005
2023-01-03 21:00:00,23.1,22.524000000000004
2023-01-03 22:00:00,23.7,21.17799999999998
2023-01-03 23:00:00,20.5,17.92700000000001
2023-01-04 00:00:00,13.9,14.665000000000013
2023-01-04 01:00:00,12.7,12.466000000000006
2023-01-04 02:00:00,11.9,10.928000000000003
2023-01-04 03:00:00,11.0,10.44
2023-01-04 04:00:00,11.0,10.332999999999997
2023-01-04 05:00:00,11.2,10.361999999999998
2023-01-04 06:00:00,11.4,10.527000000000003
2023-01-04 07:00:00,12.9,13.272999999999998
2023-01-04 08:00:00,15.0,13.519000000000005
2023-01-04 09:00:00,17.7,15.678000000000004
2023-01-04 10:00:00,20.7,17.053
2023-01-04 11:00:00,21.6,17.836
2023-01-04 12:00:00,19.1,17.017000000000007
2023-01-04 13:00:00,19.6,16.897000000000002
2023-01-04 14:00:00,22.4,17.310000000000002
2023-01-04 15:00:00,24.4,17.503000000000007
2023-01-04 16:00:00,22.2,17.496000000000002
2023-01-04 17:00:00,20.3,23.13
2023-01-04 18:00:00,24.0,25.369999999999994
2023-01-04 19:00:00,21.8,25.438
2023-01-04 20:00:00,26.4,25.801999999999992
2023-01-04 21:00:00,23.7,23.787999999999993
2023-01-04 22:00:00,18.4,21.295999999999978
2023-01-04 23:00:00,17.8,18.453000000000017
2023-01-05 00:00:00,14.5,14.571000000000017
2023-01-05 01:00:00,11.1,12.549000000000008
2023-01-05 02:00:00,10.3,10.713999999999999
2023-01-05 03:00:00,10.2,9.995
2023-01-05 04:00:00,10.5,9.941000000000004
2023-01-05 05:00:00,10.1,9.917000000000005
2023-01-05 06:00:00,10.4,10.482000000000001
2023-01-05 07:00:00,12.1,13.157
2023-01-05 08:00:00,16.2,14.46700000000001
2023-01-05 09:00:00,18.3,17.022
2023-01-05 10:00:00,17.5,18.093000000000004
2023-01-05 11:00:00,19.4,17.96300000000001
2023-01-05 12:00:00,22.4,16.75000000000001
2023-01-05 13:00:00,19.5,16.926000000000005
2023-01-05 14:00:00,19.2,17.52900000000001
2023-01-05 15:00:00,22.3,17.222000000000016
2023-01-05 16:00:00,23.6,18.004000000000016
2023-01-05 17:00:00,25.6,23.811
2023-01-05 18:00:00,29.9,26.192999999999984
2023-01-05 19:00:00,24.0,26.37599999999998
2023-01-05 20:00:00,28.1,26.107999999999983
2023-01-05 21:00:00,26.2,23.79499999999998
2023-01-05 22:00:00,22.2,21.41199999999999
2023-01-05 23:00:00,17.6,17.811000000000018
2023-01-06 00:00:00,15.4,15.187000000000003
2023-01-06 01:00:00,13.9,12.838000000000012
2023-01-06 02:00:00,12.4,10.876000000000001
2023-01-06 03:00:00,12.3,9.970999999999998
2023-01-06 04:00:00,12.2,9.808999999999997
2023-01-06 05:00:00,12.2,10.155000000000003
2023-01-06 06:00:00,11.2,10.420000000000005
2023-01-06 07:00:00,11.6,13.051000000000002
2023-01-06 08:00:00,16.6,14.401000000000002
2023-01-06 09:00:00,18.8,14.873
2023-01-06 10:00:00,16.2,14.934999999999997
2023-01-06 11:00:00,18.3,18.232999999999993
2023-01-06 12:00:00,25.0,16.397000000000016
2023-01-06 13:00:00,20.0,17.48600000000001
2023-01-06 14:00:00,20.6,17.817000000000014
2023-01-06 15:00:00,18.4,18.59100000000001
2023-01-06 16:00:00,23.2,18.36700000000002
2023-01-06 17:00:00,24.1,23.955
2023-01-06 18:00:00,21.9,26.177
2023-01-06 19:00:00,24.2,26.48399999999999
2023-01-06 20:00:00,25.2,26.530000000000005
2023-01-06 21:00:00,23.7,23.622999999999994
2023-01-06 22:00:00,23.4,22.233000000000015
2023-01-06 23:00:00,19.8,18.25
2023-01-07 00:00:00,15.5,15.81400000000001
2023-01-07 01:00:00,12.6,13.447000000000005
2023-01-07 02:00:00,12.1,11.479
2023-01-07 03:00:00,11.3,11.17499999999999
2023-01-07 04:00:00,11.0,11.017999999999997
2023-01-07 05:00:00,11.1,11.015999999999998
2023-01-07 06:00:00,11.3,11.149999999999993
2023-01-07 07:00:00,13.1,12.286999999999995
2023-01-07 08:00:00,18.3,17.079999999999988
2023-01-07 09:00:00,17.2,16.885000000000005
2023-01-07 10:00:00,22.2,17.731000000000005
2023-01-07 11:00:00,20.4,18.625000000000004
2023-01-07 12:00:00,24.2,17.83800000000002
2023-01-07 13:00:00,24.9,18.026000000000014
2023-01-07 14:00:00,21.9,17.95100000000002
2023-01-07 15:00:00,30.4,18.96500000000002
2023-01-07 16:00:00,25.8,19.12800000000002
2023-01-07 17:00:00,27.1,27.56599999999998
2023-01-07 18:00:00,25.6,26.781
2023-01-07 19:00:00,27.5,26.931999999999995
2023-01-07 20:00:00,28.3,26.907999999999998
2023-01-07 21:00:00,28.9,25.53
2023-01-07 22:00:00,25.5,23.149000000000015
2023-01-07 23:00:00,21.3,19.41799999999999
2023-01-08 00:00:00,17.6,16.866000000000003
2023-01-08 01:00:00,15.9,14.070000000000002
2023-01-08 02:00:00,14.5,11.748999999999997
2023-01-08 03:00:00,13.3,11.545999999999994
2023-01-08 04:00:00,14.0,11.498999999999993
2023-01-08 05:00:00,13.0,11.486999999999997
2023-01-08 06:00:00,12.0,11.400999999999994
2023-01-08 07:00:00,11.9,11.984000000000002
2023-01-08 08:00:00,13.8,15.17999999999999
2023-01-08 09:00:00,17.4,16.807000000000006
2023-01-08 10:00:00,19.5,17.877000000000006
2023-01-08 11:00:00,23.7,19.024000000000004
2023-01-08 12:00:00,23.3,17.492000000000008
2023-01-08 13:00:00,22.2,17.699000000000012
2023-01-08 14:00:00,21.5,17.379000000000016
2023-01-08 15:00:00,24.4,18.02700000000002
2023-01-08 16:00:00,27.3,18.58500000000002
2023-01-08 17:00:00,31.5,23.849000000000004
2023-01-08 18:00:00,31.3,27.693999999999996
2023-01-08 19:00:00,25.4,27.514999999999997
2023-01-08 20:00:00,29.6,27.25299999999999
2023-01-08 21:00:00,28.1,24.573999999999977
2023-01-08 22:00:00,20.9,21.244999999999983
2023-01-08 23:00:00,19.5,17.98200000000002
2023-01-09 00:00:00,14.9,14.771999999999993
2023-01-09 01:00:00,13.7,12.891000000000009
2023-01-09 02:00:00,11.7,10.792999999999997
2023-01-09 03:00:00,11.8,9.934
2023-01-09 04:00:00,12.3,9.825999999999999
2023-01-09 05:00:00,12.0,9.841000000000001
2023-01-09 06:00:00,13.7,10.616999999999997
2023-01-09 07:00:00,16.7,13.265999999999996
2023-01-09 08:00:00,17.1,14.543000000000008
2023-01-09 09:00:00,18.0,17.063999999999997
2023-01-09 10:00:00,19.4,18.850999999999996
2023-01-09 11:00:00,22.5,17.67700000000001
2023-01-09 12:00:00,17.7,16.156000000000017
2023-01-09 13:00:00,18.9,16.651000000000007
2023-01-09 14:00:00,23.4,16.724000000000004
2023-01-09 15:00:00,20.5,17.38200000000001
2023-01-09 16:00:00,22.8,17.188000000000002
2023-01-09 17:00:00,27.0,23.592
2023-01-09 18:00:00,27.0,26.06099999999999
2023-01-09 19:00:00,27.4,26.14999999999998
2023-01-09 20:00:00,28.9,25.879999999999978
2023-01-09 21:00:00,24.2,23.98299999999999
2023-01-09 22:00:00,24.4,22.073999999999984
2023-01-09 23:00:00,17.9,18.565000000000012
2023-01-10 00:00:00,15.9,14.716000000000017
2023-01-10 01:00:00,11.6,12.407000000000009
2023-01-10 02:00:00,10.8,10.897999999999998
2023-01-10 03:00:00,10.3,9.918
2023-01-10 04:00:00,10.4,9.818999999999999
2023-01-10 05:00:00,10.8,9.943999999999999
2023-01-10 06:00:00,12.2,10.761999999999999
2023-01-10 07:00:00,15.7,13.255999999999997
2023-01-10 08:00:00,17.6,14.326000000000013
2023-01-10 09:00:00,16.7,16.167
2023-01-10 10:00:00,18.0,16.996
2023-01-10 11:00:00,19.7,16.675000000000004
2023-01-10 12:00:00,21.8,16.107000000000006
2023-01-10 13:00:00,22.3,16.694000000000006
2023-01-10 14:00:00,16.3,16.796000000000006
2023-01-10 15:00:00,19.5,16.645000000000003
2023-01-10 16:00:00,19.6,17.393000000000004
2023-01-10 17:00:00,24.3,22.932000000000002
2023-01-10 18:00:00,28.0,25.002
2023-01-10 19:00:00,26.5,24.617000000000008
2023-01-10 20:00:00,26.3,24.142000000000007
2023-01-10 21:00:00,22.1,22.48
2023-01-10 22:00:00,18.8,21.12799999999998
2023-01-10 23:00:00,19.5,17.93700000000001
2023-01-11 00:00:00,14.4,14.606000000000016
2023-01-11 01:00:00,12.6,12.440000000000007
2023-01-11 02:00:00,11.3,10.865
2023-01-11 03:00:00,9.4,10.280999999999999
2023-01-11 04:00:00,9.4,10.282999999999998
2023-01-11 05:00:00,9.8,10.299000000000001
2023-01-11 06:00:00,12.2,10.556000000000004
2023-01-11 07:00:00,15.9,13.278000000000002
2023-01-11 08:00:00,15.2,13.43900000000001
2023-01-11 09:00:00,16.7,15.557000000000006
2023-01-11 10:00:00,18.5,16.729
2023-01-11 11:00:00,15.2,17.107999999999993
2023-01-11 12:00:00,19.3,16.713000000000008
2023-01-11 13:00:00,19.1,17.064000000000007
2023-01-11 14:00:00,20.3,16.545000000000005
2023-01-11 15:00:00,18.4,17.043000000000006
2023-01-11 16:00:00,17.2,17.093000000000004
2023-01-11 17:00:00,24.8,22.848
2023-01-11 18:00:00,23.7,24.769999999999996
2023-01-11 19:00:00,26.4,24.945000000000004
2023-01-11 20:00:00,23.7,24.394000000000005
2023-01-11 21:00:00,21.5,22.357000000000003
2023-01-11 22:00:00,16.5,21.097999999999978
2023-01-11 23:00:00,15.4,17.729000000000013
2023-01-12 00:00:00,11.6,14.454000000000017
2023-01-12 01:00:00,11.1,12.352000000000002
2023-01-12 02:00:00,11.0,10.953999999999999
2023-01-12 03:00:00,10.1,10.61
2023-01-12 04:00:00,9.4,10.433000000000007
2023-01-12 05:00:00,10.2,10.372000000000005
2023-01-12 06:00:00,12.4,10.587000000000003
2023-01-12 07:00:00,17.1,13.118000000000002
2023-01-12 08:00:00,18.1,13.394000000000007
2023-01-12 09:00:00,14.9,15.568000000000005
2023-01-12 10:00:00,14.2,16.593999999999998
2023-01-12 11:00:00,16.3,16.968
2023-01-12 12:00:00,17.5,15.791000000000006
2023-01-12 13:00:00,22.5,16.85600000000001
2023-01-12 14:00:00,21.1,16.815000000000005
2023-01-12 15:00:00,19.6,17.365000000000006
2023-01-12 16:00:00,23.0,16.505000000000003
2023-01-12 17:00:00,22.0,22.484
2023-01-12 18:00:00,21.1,24.51
2023-01-12 19:00:00,25.2,24.815
2023-01-12 20:00:00,23.2,24.280000000000005
2023-01-12 21:00:00,18.9,21.824
2023-01-12 22:00:00,17.3,20.69099999999998
2023-01-12 23:00:00,13.5,17.401000000000014
2023-01-13 00:00:00,11.8,14.608000000000013
2023-01-13 01:00:00,12.3,12.390000000000002
2023-01-13 02:00:00,11.0,10.989999999999998
2023-01-13 03:00:00,10.3,10.655999999999995
2023-01-13 04:00:00,10.7,10.437000000000003
2023-01-13 05:00:00,11.4,10.649
2023-01-13 06:00:00,12.2,10.571000000000003
2023-01-13 07:00:00,13.7,12.869000000000005
2023-01-13 08:00:00,15.7,13.41100000000001
2023-01-13 09:00:00,18.1,15.574000000000005
2023-01-13 10:00:00,18.9,16.779999999999994
2023-01-13 11:00:00,15.2,17.004
2023-01-13 12:00:00,21.3,16.058000000000003
2023-01-13 13:00:00,17.6,16.444000000000003
2023-01-13 14:00:00,17.5,16.571000000000005
2023-01-13 15:00:00,15.9,16.854
2023-01-13 16:00:00,18.3,17.726000000000006
2023-01-13 17:00:00,22.1,22.563000000000006
2023-01-13 18:00:00,22.2,24.555
2023-01-13 19:00:00,26.1,24.396
2023-01-13 20:00:00,27.9,23.858
2023-01-13 21:00:00,22.2,21.561
2023-01-13 22:00:00,17.6,20.55099999999998
2023-01-13 23:00:00,16.3,17.611000000000015
2023-01-14 00:00:00,13.0,14.741000000000012
2023-01-14 01:00:00,13.4,12.483000000000006
2023-01-14 02:00:00,11.3,11.064999999999992
2023-01-14 03:00:00,10.6,10.855000000000002
2023-01-14 04:00:00,12.2,10.771000000000004
2023-01-14 05:00:00,10.8,10.516000000000002
2023-01-14 06:00:00,9.7,10.182000000000006
2023-01-14 07:00:00,10.2,10.018000000000002
2023-01-14 08:00:00,11.9,13.134000000000007
2023-01-14 09:00:00,14.9,15.561000000000005
2023-01-14 10:00:00,17.3,16.546999999999993
2023-01-14 11:00:00,21.6,17.358
2023-01-14 12:00:00,20.7,16.635000000000012
2023-01-14 13:00:00,24.6,17.210000000000008
2023-01-14 14:00:00,21.5,17.168000000000006
2023-01-14 15:00:00,22.6,17.67900000000001
2023-01-14 16:00:00,22.8,17.726000000000006
2023-01-14 17:00:00,25.4,22.564000000000007
2023-01-14 18:00:00,23.0,24.585999999999995
2023-01-14 19:00:00,29.1,24.524
2023-01-14 20:00:00,27.0,24.002000000000002
2023-01-14 21:00:00,23.2,21.745
2023-01-14 22:00:00,20.5,20.724999999999977
2023-01-14 23:00:00,21.2,18.00700000000002
2023-01-15 00:00:00,15.8,14.696000000000012
2023-01-15 01:00:00,13.1,12.58
2023-01-15 02:00:00,12.3,11.140999999999995
2023-01-15 03:00:00,11.0,10.784999999999998
2023-01-15 04:00:00,10.5,10.516000000000002
2023-01-15 05:00:00,10.9,10.487
2023-01-15 06:00:00,9.6,10.149000000000006
2023-01-15 07:00:00,9.4,9.851999999999995
2023-01-15 08:00:00,12.4,13.276000000000012
2023-01-15 09:00:00,13.7,15.630000000000011
2023-01-15 10:00:00,15.6,16.757999999999996
2023-01-15 11:00:00,19.9,17.92
2023-01-15 12:00:00,20.0,17.265000000000008
2023-01-15 13:00:00,23.0,17.810000000000006
2023-01-15 14:00:00,23.8,17.801000000000005
2023-01-15 15:00:00,25.0,18.18700000000001
2023-01-15 16:00:00,22.2,18.07700000000001
2023-01-15 17:00:00,23.7,22.40400000000001
2023-01-15 18:00:00,20.9,22.274
2023-01-15 19:00:00,21.9,22.324999999999996
2023-01-15 20:00:00,22.1,22.436999999999994
2023-01-15 21:00:00,24.5,21.9
2023-01-15 22:00:00,19.3,20.483999999999977
2023-01-15 23:00:00,14.9,17.024000000000022
2023-01-16 00:00:00,12.1,14.525000000000011
2023-01-16 01:00:00,11.3,12.361000000000004
2023-01-16 02:00:00,11.0,10.874
2023-01-16 03:00:00,10.2,10.514
2023-01-16 04:00:00,9.9,10.331999999999999
2023-01-16 05:00:00,10.5,10.406999999999998
2023-01-16 06:00:00,11.8,10.652999999999997
2023-01-16 07:00:00,14.1,13.005000000000004
2023-01-16 08:00:00,14.5,13.672000000000008
2023-01-16 09:00:00,18.0,16.295
2023-01-16 10:00:00,16.6,17.134
2023-01-16 11:00:00,19.9,17.779000000000007
2023-01-16 12:00:00,16.6,17.009000000000007
2023-01-16 13:00:00,20.4,17.287000000000006
2023-01-16 14:00:00,18.9,17.574000000000005
2023-01-16 15:00:00,16.8,18.01000000000001
2023-01-16 16:00:00,18.7,17.51100000000001
2023-01-16 17:00:00,25.5,22.701000000000004
2023-01-16 18:00:00,27.0,23.759999999999994
2023-01-16 19:00:00,26.7,24.049
2023-01-16 20:00:00,22.4,23.66
2023-01-16 21:00:00,20.5,21.931999999999995
2023-01-16 22:00:00,19.7,21.12099999999999
2023-01-16 23:00:00,21.8,18.039
2023-01-17 00:00:00,15.0,14.677000000000014
2023-01-17 01:00:00,10.9,12.421000000000006
2023-01-17 02:00:00,10.4,10.960999999999999
2023-01-17 03:00:00,10.0,10.607999999999997
2023-01-17 04:00:00,9.5,10.543
2023-01-17 05:00:00,11.3,10.599
2023-01-17 06:00:00,11.6,10.627
2023-01-17 07:00:00,14.2,13.128000000000004
2023-01-17 08:00:00,16.3,13.59500000000001
2023-01-17 09:00:00,15.9,15.77700000000001
2023-01-17 10:00:00,16.2,16.929
2023-01-17 11:00:00,16.4,17.447000000000003
2023-01-17 12:00:00,19.5,16.79000000000001
2023-01-17 13:00:00,19.7,16.933000000000007
2023-01-17 15:00:00,20.2,17.836000000000013
2023-01-17 16:00:00,19.5,17.035000000000004
2023-01-17 17:00:00,21.5,22.725000000000005
2023-01-17 18:00:00,25.9,23.787999999999993
2023-01-17 19:00:00,26.5,23.991000000000007
2023-01-17 20:00:00,23.7,23.69100000000001
2023-01-17 21:00:00,23.3,21.892000000000003
2023-01-17 22:00:00,18.7,20.588999999999988
2023-01-17 23:00:00,17.7,17.68800000000001
2023-01-18 00:00:00,13.3,14.633000000000013
2023-01-18 01:00:00,10.7,12.278000000000004
2023-01-18 02:00:00,9.9,10.953999999999999
2023-01-18 03:00:00,9.6,10.597999999999997
2023-01-18 04:00:00,9.0,10.484999999999998
2023-01-18 05:00:00,10.3,10.568999999999999
2023-01-18 06:00:00,12.8,10.731999999999998
2023-01-18 07:00:00,13.3,13.345000000000002
2023-01-18 08:00:00,14.7,13.478000000000009
2023-01-18 09:00:00,16.9,15.803000000000006
2023-01-18 10:00:00,17.0,16.893999999999995
2023-01-18 11:00:00,17.6,17.381
2023-01-18 12:00:00,19.9,16.631000000000014
2023-01-18 13:00:00,18.7,16.92000000000001
2023-01-18 14:00:00,17.6,16.82700000000001
2023-01-18 15:00:00,18.7,17.241000000000007
2023-01-18 16:00:00,19.5,17.622000000000003
2023-01-18 17:00:00,22.2,22.56
2023-01-18 18:00:00,21.0,24.637999999999998
2023-01-18 19:00:00,23.0,24.651
2023-01-18 20:00:00,27.4,24.131000000000004
2023-01-18 21:00:00,25.6,22.035999999999998
2023-01-18 22:00:00,20.8,20.815999999999985
2023-01-18 23:00:00,17.0,17.52900000000001
2023-01-19 00:00:00,13.5,14.540000000000012
2023-01-19 01:00:00,12.1,12.266000000000005
2023-01-19 02:00:00,11.3,10.956999999999999
2023-01-19 03:00:00,10.0,10.672999999999996
2023-01-19 04:00:00,10.1,10.317
2023-01-19 05:00:00,10.8,10.436
2023-01-19 06:00:00,12.5,10.757000000000003
2023-01-19 07:00:00,14.9,13.091000000000008
2023-01-19 08:00:00,14.7,13.43300000000001
2023-01-19 09:00:00,17.7,15.787000000000004
2023-01-19 10:00:00,15.4,16.644999999999992
2023-01-19 11:00:00,16.0,17.302
2023-01-19 12:00:00,19.6,16.752000000000013
2023-01-19 13:00:00,16.6,17.10600000000001
2023-01-19 14:00:00,16.1,16.706000000000007
2023-01-19 15:00:00,16.2,17.365000000000006
2023-01-19 16:00:00,17.1,17.414000000000005
2023-01-19 17:00:00,25.0,22.756999999999998
2023-01-19 18:00:00,26.3,24.668999999999997
2023-01-19 19:00:00,29.5,24.996000000000002
2023-01-19 20:00:00,25.7,24.40500000000001
2023-01-19 21:00:00,24.0,22.225
2023-01-19 22:00:00,18.0,21.101999999999975
2023-01-19 23:00:00,14.3,17.625000000000014
2023-01-20 00:00:00,12.1,14.470000000000017
2023-01-20 01:00:00,11.0,12.394000000000005
2023-01-20 02:00:00,10.5,10.725000000000001
2023-01-20 03:00:00,10.0,10.216000000000001
2023-01-20 04:00:00,9.8,9.889000000000005
2023-01-20 05:00:00,10.0,9.878000000000004
2023-01-20 06:00:00,10.5,9.975000000000003
2023-01-20 07:00:00,14.0,12.787000000000003
2023-01-20 08:00:00,15.3,13.400000000000007
2023-01-20 09:00:00,16.4,15.546000000000006
2023-01-20 10:00:00,16.7,16.539
2023-01-20 11:00:00,18.6,17.226999999999997
2023-01-20 12:00:00,17.8,15.75500000000001
2023-01-20 13:00:00,18.9,16.147000000000006
2023-01-20 14:00:00,19.6,16.371000000000002
2023-01-20 15:00:00,16.8,16.497000000000007
2023-01-20 16:00:00,22.7,17.737000000000002
2023-01-20 17:00:00,24.1,23.301999999999992
2023-01-20 18:00:00,25.2,25.093999999999998
2023-01-20 19:00:00,25.2,25.322
2023-01-20 20:00:00,23.6,24.506000000000004
2023-01-20 21:00:00,20.9,22.208000000000002
2023-01-20 22:00:00,20.7,21.551999999999975
2023-01-20 23:00:00,16.3,17.868000000000016
2023-01-21 00:00:00,14.1,14.745000000000015
2023-01-21 01:00:00,11.8,12.304000000000006
2023-01-21 02:00:00,10.9,10.691
2023-01-21 03:00:00,10.1,10.040999999999999
2023-01-21 04:00:00,9.8,9.965999999999998
2023-01-21 05:00:00,9.5,9.982
2023-01-21 06:00:00,9.7,10.326000000000008
2023-01-21 07:00:00,9.9,10.654999999999996
2023-01-21 08:00:00,11.9,14.014000000000001
2023-01-21 09:00:00,15.5,14.520000000000007
2023-01-21 10:00:00,15.8,14.57900000000001
2023-01-21 11:00:00,16.5,17.442
2023-01-21 12:00:00,16.7,16.55100000000001
2023-01-21 13:00:00,17.6,17.012000000000004
2023-01-21 14:00:00,18.5,17.125000000000007
2023-01-21 15:00:00,17.8,17.307000000000006
2023-01-21 16:00:00,23.2,17.709000000000007
2023-01-21 17:00:00,24.8,22.813000000000002
2023-01-21 18:00:00,23.1,25.468999999999998
2023-01-21 19:00:00,27.6,25.557
2023-01-21 20:00:00,24.9,24.782000000000004
2023-01-21 21:00:00,22.2,22.783999999999992
2023-01-21 22:00:00,16.6,21.15999999999998
2023-01-21 23:00:00,16.7,17.798000000000012
2023-01-22 00:00:00,15.4,14.974000000000013
2023-01-22 01:00:00,13.5,12.323000000000004
2023-01-22 02:00:00,11.7,10.896999999999998
2023-01-22 03:00:00,11.0,10.453999999999999
2023-01-22 04:00:00,10.9,10.216999999999997
2023-01-22 05:00:00,10.5,10.289999999999997
2023-01-22 06:00:00,11.0,9.988000000000003
2023-01-22 07:00:00,11.1,9.911999999999997
2023-01-22 08:00:00,12.8,14.390999999999996
2023-01-22 09:00:00,16.7,15.251000000000003
2023-01-22 10:00:00,16.4,15.555000000000005
2023-01-22 11:00:00,20.3,18.22499999999999
2023-01-22 12:00:00,26.8,17.620000000000005
2023-01-22 13:00:00,24.3,18.108000000000004
2023-01-22 14:00:00,28.2,18.378000000000004
2023-01-22 15:00:00,20.5,18.314000000000007
2023-01-22 16:00:00,23.2,18.291000000000007
2023-01-22 17:00:00,19.9,22.59900000000001
2023-01-22 18:00:00,23.4,26.001999999999995
2023-01-22 19:00:00,26.3,26.769999999999985
2023-01-22 20:00:00,27.3,26.642999999999986
2023-01-22 21:00:00,23.5,23.716999999999985
2023-01-22 22:00:00,17.4,19.872999999999994
2023-01-22 23:00:00,13.8,17.210000000000015
2023-01-23 00:00:00,13.0,14.776000000000012
2023-01-23 01:00:00,10.4,12.337000000000014
2023-01-23 02:00:00,10.3,10.504999999999994
2023-01-23 03:00:00,10.0,9.76199999999999
2023-01-23 04:00:00,9.8,9.63999999999999
2023-01-23 05:00:00,9.4,9.666999999999991
2023-01-23 06:00:00,10.8,10.684999999999995
2023-01-23 07:00:00,14.2,13.859999999999996
2023-01-23 08:00:00,15.1,14.714999999999996
2023-01-23 09:00:00,15.7,15.033999999999999
2023-01-23 10:00:00,16.8,15.264000000000003
2023-01-23 11:00:00,22.4,17.569999999999997
2023-01-23 12:00:00,20.4,17.35500000000001
2023-01-23 13:00:00,24.1,17.91000000000001
2023-01-23 14:00:00,18.6,17.50100000000001
2023-01-23 15:00:00,19.1,18.15300000000001
2023-01-23 16:00:00,18.7,18.080000000000002
2023-01-23 17:00:00,25.7,23.87200000000001
2023-01-23 18:00:00,25.7,26.72099999999999
2023-01-23 19:00:00,25.2,26.026000000000018
2023-01-23 20:00:00,24.0,25.87800000000001
2023-01-23 21:00:00,23.7,24.009999999999987
2023-01-23 22:00:00,19.8,21.668999999999983
2023-01-23 23:00:00,16.5,18.277000000000005
2023-01-24 00:00:00,13.9,14.586000000000013
2023-01-24 01:00:00,11.3,12.372000000000009
2023-01-24 02:00:00,10.1,10.919999999999998
2023-01-24 03:00:00,10.0,10.468
2023-01-24 04:00:00,10.2,10.354999999999995
2023-01-24 05:00:00,10.0,10.386
2023-01-24 06:00:00,11.4,10.619000000000003
2023-01-24 07:00:00,11.9,13.443999999999996
2023-01-24 08:00:00,12.8,14.417999999999996
2023-01-24 09:00:00,14.3,14.824999999999996
2023-01-24 10:00:00,14.7,14.946999999999997
2023-01-24 11:00:00,18.7,16.655
2023-01-24 12:00:00,16.0,15.815000000000005
2023-01-24 13:00:00,21.8,16.337000000000003
2023-01-24 14:00:00,15.0,16.568
2023-01-24 15:00:00,15.2,16.872000000000003
2023-01-24 16:00:00,19.3,16.886000000000003
2023-01-24 17:00:00,24.3,22.872999999999998
2023-01-24 18:00:00,28.2,25.153
2023-01-24 19:00:00,28.6,25.15700000000001
2023-01-24 20:00:00,28.3,24.636000000000013
2023-01-24 21:00:00,22.2,22.584
2023-01-24 22:00:00,21.5,21.42399999999998
2023-01-24 23:00:00,17.9,17.866000000000007
2023-01-25 00:00:00,13.3,14.607000000000012
2023-01-25 01:00:00,11.3,12.40100000000001
2023-01-25 02:00:00,9.3,10.93
2023-01-25 03:00:00,10.6,10.505999999999998
2023-01-25 04:00:00,11.3,10.498999999999999
2023-01-25 05:00:00,10.9,10.559000000000001
2023-01-25 06:00:00,11.6,10.544000000000004
2023-01-25 07:00:00,12.6,13.211000000000002
2023-01-25 08:00:00,15.1,14.32
2023-01-25 09:00:00,16.7,15.290999999999999
2023-01-25 10:00:00,17.5,16.355
2023-01-25 11:00:00,16.5,17.208999999999996
2023-01-25 12:00:00,18.2,16.254000000000005
2023-01-25 13:00:00,20.0,17.517
2023-01-25 14:00:00,18.9,16.804000000000002
2023-01-25 15:00:00,17.3,16.830000000000002
2023-01-25 16:00:00,22.3,16.868000000000002
2023-01-25 17:00:00,23.6,22.528000000000002
2023-01-25 18:00:00,22.4,24.667
2023-01-25 19:00:00,24.2,25.03600000000001
2023-01-25 20:00:00,26.9,24.418000000000006
2023-01-25 21:00:00,25.2,22.323000000000008
2023-01-25 22:00:00,16.1,21.179999999999982
2023-01-25 23:00:00,14.4,17.580000000000013
2023-01-26 00:00:00,11.7,14.533000000000015
2023-01-26 01:00:00,11.5,12.444000000000008
2023-01-26 02:00:00,10.7,10.715000000000005
2023-01-26 03:00:00,9.3,10.138000000000002
2023-01-26 04:00:00,9.6,9.960000000000006
2023-01-26 05:00:00,9.1,9.943000000000007
2023-01-26 06:00:00,10.2,10.207000000000006
2023-01-26 07:00:00,14.3,12.987000000000002
2023-01-26 08:00:00,15.3,13.417000000000005
2023-01-26 09:00:00,16.5,15.564000000000005
2023-01-26 10:00:00,17.4,16.729
2023-01-26 11:00:00,15.3,17.231999999999996
2023-01-26 12:00:00,17.1,16.81200000000001
2023-01-26 13:00:00,21.3,16.639
2023-01-26 14:00:00,19.7,16.668000000000003
2023-01-26 15:00:00,17.9,17.668000000000006
2023-01-26 16:00:00,20.8,17.659000000000006
2023-01-26 17:00:00,22.6,22.573
2023-01-26 18:00:00,24.3,24.554000000000002
2023-01-26 19:00:00,28.7,25.208
2023-01-26 20:00:00,25.8,24.652
2023-01-26 21:00:00,23.2,22.206
2023-01-26 22:00:00,17.7,22.102999999999973
2023-01-26 23:00:00,15.3,17.718000000000014
2023-01-27 00:00:00,14.4,14.579000000000015
2023-01-27 01:00:00,12.1,12.55400000000001
2023-01-27 02:00:00,10.7,10.810000000000008
2023-01-27 03:00:00,10.8,10.416000000000002
2023-01-27 04:00:00,10.4,10.179000000000004
2023-01-27 05:00:00,10.0,10.149000000000003
2023-01-27 06:00:00,10.6,10.104000000000005
2023-01-27 07:00:00,13.5,12.760000000000002
2023-01-27 08:00:00,14.2,14.258
2023-01-27 09:00:00,13.8,14.914000000000001
2023-01-27 10:00:00,12.0,15.238
2023-01-27 11:00:00,15.2,18.170999999999996
2023-01-27 12:00:00,19.1,17.75600000000001
2023-01-27 13:00:00,17.8,18.314000000000007
2023-01-27 14:00:00,15.1,18.282000000000007
2023-01-27 15:00:00,15.2,18.47500000000001
2023-01-27 16:00:00,19.3,18.29300000000001
2023-01-27 17:00:00,24.3,22.989
2023-01-27 18:00:00,21.7,25.559
2023-01-27 19:00:00,25.6,26.221999999999984
2023-01-27 20:00:00,25.4,26.160999999999994
2023-01-27 21:00:00,20.8,23.712999999999987
2023-01-27 22:00:00,19.8,21.713999999999977
2023-01-27 23:00:00,17.5,18.410000000000018
2023-01-28 00:00:00,13.6,14.852000000000015
2023-01-28 01:00:00,12.0,12.254000000000008
2023-01-28 02:00:00,10.3,10.704000000000002
2023-01-28 03:00:00,10.5,10.142999999999999
2023-01-28 04:00:00,8.9,9.950000000000003
2023-01-28 05:00:00,9.4,10.080000000000002
2023-01-28 06:00:00,10.2,10.129000000000007
2023-01-28 07:00:00,10.0,10.016000000000004
2023-01-28 08:00:00,13.6,14.079999999999993
2023-01-28 09:00:00,15.5,14.956999999999999
2023-01-28 10:00:00,19.3,16.355999999999998
2023-01-28 11:00:00,19.6,17.795999999999992
2023-01-28 12:00:00,22.1,17.254000000000005
2023-01-28 13:00:00,22.4,17.052000000000003
2023-01-28 14:00:00,26.0,16.942000000000004
2023-01-28 15:00:00,22.1,17.171000000000006
2023-01-28 16:00:00,22.0,17.162000000000006
2023-01-28 17:00:00,27.3,23.088999999999995
2023-01-28 18:00:00,25.6,25.046999999999993
2023-01-28 19:00:00,25.0,24.900999999999996
2023-01-28 20:00:00,25.1,23.980000000000004
2023-01-28 21:00:00,25.2,21.963
2023-01-28 22:00:00,22.1,20.966999999999974
2023-01-28 23:00:00,16.5,17.83000000000002
2023-01-29 00:00:00,12.7,14.617000000000013
2023-01-29 01:00:00,11.6,12.285
2023-01-29 02:00:00,10.8,10.776000000000002
2023-01-29 03:00:00,10.2,10.276000000000002
2023-01-29 04:00:00,9.5,9.996000000000004
2023-01-29 05:00:00,9.5,9.981000000000003
2023-01-29 06:00:00,9.5,9.818000000000005
2023-01-29 07:00:00,10.3,9.899000000000001
2023-01-29 08:00:00,12.4,13.10400000000001
2023-01-29 09:00:00,16.7,15.612000000000005
2023-01-29 10:00:00,22.3,16.65599999999999
2023-01-29 11:00:00,19.0,16.926
2023-01-29 12:00:00,18.0,16.396000000000008
2023-01-29 13:00:00,20.7,16.78500000000001
2023-01-29 14:00:00,17.7,16.686000000000007
2023-01-29 15:00:00,20.6,17.021000000000004
2023-01-29 16:00:00,22.3,17.607000000000006
2023-01-29 17:00:00,22.6,22.66399999999999
2023-01-29 18:00:00,25.7,24.474
2023-01-29 19:00:00,27.3,24.297000000000004
2023-01-29 20:00:00,22.5,23.328999999999997
2023-01-29 21:00:00,22.2,21.807000000000002
2023-01-29 22:00:00,18.8,20.46899999999998
2023-01-29 23:00:00,15.7,17.024000000000022
2023-01-30 00:00:00,15.4,14.577000000000014
2023-01-30 01:00:00,12.0,12.365000000000004
2023-01-30 02:00:00,10.8,10.764999999999995
2023-01-30 03:00:00,10.3,10.405000000000003
2023-01-30 04:00:00,10.1,10.224000000000002
2023-01-30 05:00:00,10.8,10.348000000000003
2023-01-30 06:00:00,13.7,10.723000000000003
2023-01-30 07:00:00,14.5,12.939000000000004
2023-01-30 08:00:00,14.8,13.622000000000007
2023-01-30 09:00:00,15.9,16.189
2023-01-30 10:00:00,17.9,17.108999999999998
2023-01-30 11:00:00,19.3,17.691000000000003
2023-01-30 12:00:00,20.3,16.462000000000007
2023-01-30 13:00:00,17.2,17.272000000000006
2023-01-30 14:00:00,15.7,16.733
2023-01-30 15:00:00,16.2,16.800000000000008
2023-01-30 16:00:00,18.9,17.09400000000001
2023-01-30 17:00:00,25.9,22.595000000000006
2023-01-30 18:00:00,28.4,23.598
2023-01-30 19:00:00,29.6,23.776000000000007
2023-01-30 20:00:00,26.7,23.698000000000008
2023-01-30 21:00:00,24.0,22.370000000000005
2023-01-30 22:00:00,19.7,20.90899999999999
2023-01-30 23:00:00,17.1,17.463000000000008
2023-01-31 00:00:00,12.9,14.414000000000012
2023-01-31 01:00:00,10.7,12.518000000000006
2023-01-31 02:00:00,10.7,10.852999999999998
2023-01-31 03:00:00,10.4,10.470999999999997
2023-01-31 04:00:00,10.1,10.367
2023-01-31 05:00:00,10.5,10.413
2023-01-31 06:00:00,10.8,10.702999999999998
2023-01-31 07:00:00,14.3,13.021000000000006
2023-01-31 08:00:00,14.9,13.81300000000001
2023-01-31 09:00:00,16.5,16.066000000000006
2023-01-31 10:00:00,14.6,16.464
2023-01-31 11:00:00,16.4,17.06
2023-01-31 12:00:00,16.6,16.483000000000008
2023-01-31 13:00:00,15.0,16.557000000000006
2023-01-31 14:00:00,13.8,16.854
2023-01-31 15:00:00,14.6,17.218000000000007
2023-01-31 16:00:00,17.8,17.085000000000008
2023-01-31 17:00:00,25.7,22.667999999999992
2023-01-31 18:00:00,29.1,23.915999999999993
2023-01-31 19:00:00,25.2,24.099
2023-01-31 20:00:00,30.5,23.390000000000004
2023-01-31 21:00:00,24.2,22.069000000000006
2023-01-31 22:00:00,19.6,20.62199999999999
2023-01-31 23:00:00,16.1,17.44400000000002
2023-02-01 00:00:00,14.2,14.656000000000013
2023-02-01 01:00:00,12.6,12.274000000000008
2023-02-01 02:00:00,11.7,11.08
2023-02-01 03:00:00,11.1,10.686999999999998
2023-02-01 04:00:00,11.1,10.502999999999997
2023-02-01 05:00:00,11.5,10.555999999999997
2023-02-01 06:00:00,14.7,10.965000000000005
2023-02-01 07:00:00,15.4,13.313000000000004
2023-02-01 08:00:00,16.4,13.98400000000001
2023-02-01 09:00:00,17.1,15.990000000000004
2023-02-01 10:00:00,20.3,16.893999999999995
2023-02-01 11:00:00,17.3,17.731
2023-02-01 12:00:00,18.4,17.165000000000013
2023-02-01 13:00:00,15.2,17.28100000000001
2023-02-01 14:00:00,14.8,17.442000000000007
2023-02-01 15:00:00,18.1,17.72300000000001
2023-02-01 16:00:00,19.4,17.680000000000007
2023-02-01 17:00:00,26.8,22.655999999999995
2023-02-01 18:00:00,25.3,24.127999999999993
2023-02-01 19:00:00,28.5,24.221999999999998
2023-02-01 20:00:00,26.7,23.58899999999999
2023-02-01 21:00:00,22.7,21.842999999999996
2023-02-01 22:00:00,19.8,20.724999999999987
2023-02-01 23:00:00,15.8,17.180000000000017
2023-02-02 00:00:00,13.1,14.592000000000011
2023-02-02 01:00:00,11.6,12.38000000000001
2023-02-02 02:00:00,11.1,11.101999999999997
2023-02-02 03:00:00,10.6,10.813999999999998
2023-02-02 04:00:00,10.8,10.640000000000002
2023-02-02 05:00:00,10.1,10.602
2023-02-02 06:00:00,11.4,10.615000000000002
2023-02-02 07:00:00,14.9,13.139000000000001
2023-02-02 08:00:00,17.3,13.960000000000003
2023-02-02 09:00:00,19.8,15.819000000000006
2023-02-02 10:00:00,18.1,16.488
2023-02-02 11:00:00,15.4,16.712000000000003
2023-02-02 12:00:00,17.6,16.173000000000012
2023-02-02 13:00:00,18.3,16.84100000000001
2023-02-02 14:00:00,15.1,16.370000000000008
2023-02-02 15:00:00,15.5,16.837000000000007
2023-02-02 16:00:00,19.9,16.886000000000006
2023-02-02 17:00:00,27.7,23.142999999999997
2023-02-02 18:00:00,32.7,25.53699999999999
2023-02-02 19:00:00,30.8,25.75199999999999
2023-02-02 20:00:00,25.8,25.039999999999996
2023-02-02 21:00:00,23.0,22.912999999999997
2023-02-02 22:00:00,20.4,21.61399999999998
2023-02-02 23:00:00,15.4,17.111000000000015
2023-02-03 00:00:00,12.2,14.368000000000011
2023-02-03 01:00:00,10.1,12.571000000000009
2023-02-03 02:00:00,9.3,10.680000000000001
2023-02-03 03:00:00,10.0,10.163
2023-02-03 04:00:00,9.1,9.920000000000002
2023-02-03 05:00:00,9.1,9.901000000000003
2023-02-03 06:00:00,10.1,9.939000000000004
2023-02-03 07:00:00,13.7,12.769000000000004
2023-02-03 08:00:00,15.5,13.874000000000002
2023-02-03 09:00:00,17.8,15.618000000000004
2023-02-03 10:00:00,17.0,16.906999999999996
2023-02-03 11:00:00,18.4,17.351
2023-02-03 12:00:00,20.0,16.695000000000007
2023-02-03 13:00:00,23.0,16.97400000000001
2023-02-03 14:00:00,20.8,16.213000000000008
2023-02-03 15:00:00,18.9,16.339000000000013
2023-02-03 16:00:00,23.2,17.085000000000008
2023-02-03 17:00:00,25.6,22.926000000000002
2023-02-03 18:00:00,23.5,25.740999999999996
2023-02-03 19:00:00,24.2,25.587
2023-02-03 20:00:00,23.5,24.823
2023-02-03 21:00:00,23.1,22.432
2023-02-03 22:00:00,19.1,21.814999999999976
2023-02-03 23:00:00,16.9,17.925000000000022
2023-02-04 00:00:00,14.4,14.679000000000016
2023-02-04 01:00:00,13.9,12.668000000000006
2023-02-04 02:00:00,11.3,10.824000000000005
2023-02-04 03:00:00,11.7,10.288000000000002
2023-02-04 04:00:00,11.1,10.166000000000002
2023-02-04 05:00:00,10.8,10.164000000000001
2023-02-04 06:00:00,11.0,10.24500000000001
2023-02-04 07:00:00,11.5,10.248000000000001
2023-02-04 08:00:00,13.3,14.547999999999995
2023-02-04 09:00:00,15.1,14.863000000000001
2023-02-04 10:00:00,17.2,15.141000000000004
2023-02-04 11:00:00,25.1,18.420999999999992
2023-02-04 12:00:00,20.5,17.82300000000001
2023-02-04 13:00:00,22.7,17.479000000000006
2023-02-04 14:00:00,22.6,17.380000000000006
2023-02-04 15:00:00,29.0,17.347000000000005
2023-02-04 16:00:00,25.3,17.383000000000006
2023-02-04 17:00:00,26.0,23.227999999999998
2023-02-04 18:00:00,24.8,25.434
2023-02-04 19:00:00,25.1,25.665999999999993
2023-02-04 20:00:00,24.7,24.866000000000003
2023-02-04 21:00:00,20.6,23.30599999999998
2023-02-04 22:00:00,20.4,21.516999999999985
2023-02-04 23:00:00,16.5,17.40100000000002
2023-02-05 00:00:00,17.9,15.380000000000019
2023-02-05 01:00:00,12.7,12.510000000000007
2023-02-05 02:00:00,10.8,10.767999999999999
2023-02-05 03:00:00,11.0,10.214999999999998
2023-02-05 04:00:00,10.5,9.942000000000002
2023-02-05 05:00:00,9.6,9.876000000000007
2023-02-05 06:00:00,9.7,9.964000000000011
2023-02-05 07:00:00,10.3,10.636999999999993
2023-02-05 08:00:00,15.4,14.646000000000015
2023-02-05 09:00:00,13.5,14.759000000000006
2023-02-05 10:00:00,11.2,14.599000000000007
2023-02-05 11:00:00,17.3,17.268999999999995
2023-02-05 12:00:00,14.5,16.13200000000001
2023-02-05 13:00:00,16.2,16.77800000000001
2023-02-05 14:00:00,16.8,17.061000000000007
2023-02-05 15:00:00,20.5,18.00000000000001
2023-02-05 16:00:00,24.8,17.92800000000001
2023-02-05 17:00:00,25.7,23.219
2023-02-05 18:00:00,26.0,24.868
2023-02-05 19:00:00,25.2,25.429999999999996
2023-02-05 20:00:00,30.1,24.817999999999998
2023-02-05 21:00:00,25.1,22.675999999999984
2023-02-05 22:00:00,16.8,21.101999999999975
2023-02-05 23:00:00,15.1,17.39200000000002
2023-02-06 00:00:00,12.2,14.563000000000011
2023-02-06 01:00:00,12.7,12.670000000000014
2023-02-06 02:00:00,11.6,10.943
2023-02-06 03:00:00,9.3,10.365
2023-02-06 04:00:00,9.3,10.232999999999997
2023-02-06 05:00:00,9.9,10.349999999999998
2023-02-06 06:00:00,11.4,10.552999999999999
2023-02-06 07:00:00,14.8,13.42699999999999
2023-02-06 08:00:00,16.6,14.948999999999998
2023-02-06 09:00:00,17.7,15.029999999999998
2023-02-06 10:00:00,13.6,14.998999999999997
2023-02-06 11:00:00,14.3,16.592999999999996
2023-02-06 12:00:00,8.6,16.08900000000001
2023-02-06 13:00:00,10.8,16.395000000000007
2023-02-06 14:00:00,10.8,16.588000000000005
2023-02-06 15:00:00,16.1,16.876000000000005
2023-02-06 16:00:00,17.9,17.370000000000005
2023-02-06 17:00:00,30.4,23.681000000000004
2023-02-06 18:00:00,31.3,25.10599999999999
2023-02-06 19:00:00,28.1,25.065
2023-02-06 20:00:00,28.7,24.581000000000007
2023-02-06 21:00:00,22.0,22.96499999999999
2023-02-06 22:00:00,22.3,21.841999999999974
2023-02-06 23:00:00,20.1,18.48400000000001
2023-02-07 00:00:00,14.0,14.632000000000014
2023-02-07 01:00:00,11.7,12.447000000000012
2023-02-07 02:00:00,11.4,11.040999999999997
2023-02-07 03:00:00,11.2,10.539999999999997
2023-02-07 04:00:00,10.7,10.482999999999997
2023-02-07 05:00:00,11.9,10.636999999999999
2023-02-07 06:00:00,13.3,10.847000000000005
2023-02-07 07:00:00,17.5,14.100999999999997
2023-02-07 08:00:00,16.2,15.040999999999997
2023-02-07 09:00:00,15.9,15.008
2023-02-07 10:00:00,14.5,15.033999999999997
2023-02-07 11:00:00,14.1,16.638999999999996
2023-02-07 12:00:00,17.7,16.139000000000006
2023-02-07 13:00:00,18.6,16.528000000000006
2023-02-07 14:00:00,14.9,16.805000000000003
2023-02-07 15:00:00,17.5,17.251000000000005
2023-02-07 16:00:00,18.2,16.03900000000001
2023-02-07 17:00:00,24.0,22.886999999999997
2023-02-07 18:00:00,30.5,25.015
2023-02-07 19:00:00,27.2,25.05600000000001
2023-02-07 20:00:00,25.6,24.67700000000001
2023-02-07 21:00:00,23.2,22.412000000000003
2023-02-07 22:00:00,18.6,21.185999999999975
2023-02-07 23:00:00,16.4,17.22600000000002
2023-02-08 00:00:00,13.3,14.65800000000001
2023-02-08 01:00:00,12.2,12.46700000000001
2023-02-08 02:00:00,11.2,11.049
2023-02-08 03:00:00,10.4,10.619999999999997
2023-02-08 04:00:00,11.1,10.504999999999997
2023-02-08 05:00:00,11.4,10.645
2023-02-08 06:00:00,12.1,10.753000000000002
2023-02-08 07:00:00,17.9,14.457
2023-02-08 08:00:00,17.2,15.074000000000003
2023-02-08 09:00:00,17.0,15.121000000000004
2023-02-08 10:00:00,18.2,15.537000000000004
2023-02-08 11:00:00,18.8,17.613999999999997
2023-02-08 12:00:00,19.9,16.66800000000001
2023-02-08 13:00:00,24.4,17.096000000000007
2023-02-08 14:00:00,21.9,17.033000000000005
2023-02-08 15:00:00,22.6,17.365000000000006
2023-02-08 16:00:00,20.9,17.415000000000006
2023-02-08 17:00:00,22.0,22.512999999999998
2023-02-08 18:00:00,23.2,24.482
2023-02-08 19:00:00,28.3,24.854
2023-02-08 20:00:00,27.3,24.372000000000003
2023-02-08 21:00:00,25.7,22.304999999999996
2023-02-08 22:00:00,19.8,21.32199999999998
2023-02-08 23:00:00,15.9,17.506000000000014
2023-02-09 00:00:00,12.2,14.581000000000012
2023-02-09 01:00:00,11.6,12.393000000000011
2023-02-09 02:00:00,10.8,10.800000000000004
2023-02-09 03:00:00,10.3,10.405999999999999
2023-02-09 04:00:00,10.4,10.180000000000001
2023-02-09 05:00:00,10.5,10.187000000000005
2023-02-09 06:00:00,11.7,10.426000000000004
2023-02-09 07:00:00,15.3,13.066000000000004
2023-02-09 08:00:00,16.8,14.809
2023-02-09 09:00:00,16.5,15.263
2023-02-09 10:00:00,15.4,15.445000000000002
2023-02-09 11:00:00,16.7,17.287999999999993
2023-02-09 12:00:00,13.8,16.862000000000005
2023-02-09 13:00:00,13.8,16.869000000000003
2023-02-09 14:00:00,13.5,16.375000000000004
2023-02-09 15:00:00,18.1,16.646000000000008
2023-02-09 16:00:00,19.8,17.213000000000008
2023-02-09 17:00:00,21.5,22.642999999999997
2023-02-09 18:00:00,26.0,24.819999999999997
2023-02-09 19:00:00,26.2,25.370999999999995
2023-02-09 20:00:00,27.9,24.712999999999997
2023-02-09 21:00:00,21.4,22.061
2023-02-09 22:00:00,16.1,21.140999999999977
2023-02-09 23:00:00,15.7,17.280000000000015
2023-02-10 00:00:00,12.8,14.509000000000015
2023-02-10 01:00:00,11.0,12.582000000000008
2023-02-10 02:00:00,10.4,10.939
2023-02-10 03:00:00,10.0,10.700000000000003
2023-02-10 04:00:00,10.6,10.528000000000004
2023-02-10 05:00:00,10.1,10.533000000000005
2023-02-10 06:00:00,11.3,10.292000000000003
2023-02-10 07:00:00,16.7,12.942
2023-02-10 08:00:00,17.1,13.936000000000003
2023-02-10 09:00:00,17.4,15.677000000000007
2023-02-10 10:00:00,16.9,16.287
2023-02-10 11:00:00,18.9,16.467
2023-02-10 12:00:00,19.7,15.145000000000012
2023-02-10 13:00:00,12.8,15.50400000000001
2023-02-10 14:00:00,13.6,15.729000000000008
2023-02-10 15:00:00,12.9,16.21500000000001
2023-02-10 16:00:00,16.3,16.38200000000001
2023-02-10 17:00:00,21.0,22.512999999999987
2023-02-10 18:00:00,20.9,25.237999999999985
2023-02-10 19:00:00,24.8,25.33899999999999
2023-02-10 20:00:00,23.8,24.609999999999992
2023-02-10 21:00:00,23.1,22.609999999999996
2023-02-10 22:00:00,23.0,21.518999999999984
2023-02-10 23:00:00,19.1,17.43100000000002
2023-02-11 00:00:00,12.8,14.607000000000017
2023-02-11 01:00:00,11.2,12.590000000000009
2023-02-11 02:00:00,10.9,11.03
2023-02-11 03:00:00,11.3,10.799000000000001
2023-02-11 04:00:00,11.1,10.597000000000003
2023-02-11 05:00:00,10.4,10.527000000000001
2023-02-11 06:00:00,11.1,10.381000000000006
2023-02-11 07:00:00,11.5,10.057000000000002
2023-02-11 08:00:00,15.6,13.752000000000004
2023-02-11 09:00:00,16.9,15.75700000000001
2023-02-11 10:00:00,18.7,16.835999999999995
2023-02-11 11:00:00,20.8,17.233
2023-02-11 12:00:00,20.4,16.73600000000001
2023-02-11 13:00:00,22.6,17.01800000000001
2023-02-11 14:00:00,19.0,16.544000000000008
2023-02-11 15:00:00,22.6,17.030000000000012
2023-02-11 16:00:00,21.8,17.39800000000001
2023-02-11 17:00:00,21.3,22.803999999999995
2023-02-11 18:00:00,24.9,25.028999999999996
2023-02-11 19:00:00,25.4,25.023000000000007
2023-02-11 20:00:00,25.9,24.405
2023-02-11 21:00:00,23.9,22.367000000000004
2023-02-11 22:00:00,20.9,22.110999999999986
2023-02-11 23:00:00,15.7,17.55700000000002
2023-02-12 00:00:00,15.7,14.842000000000018
2023-02-12 01:00:00,14.6,12.764000000000005
2023-02-12 02:00:00,11.3,10.877000000000004
2023-02-12 03:00:00,11.0,10.161999999999999
2023-02-12 04:00:00,10.6,9.971999999999998
2023-02-12 05:00:00,10.1,9.901000000000002
2023-02-12 06:00:00,10.2,10.20300000000001
2023-02-12 07:00:00,10.8,10.699999999999996
2023-02-12 08:00:00,15.1,14.523999999999996
2023-02-12 09:00:00,16.4,15.074000000000005
2023-02-12 10:00:00,15.1,15.302000000000003
2023-02-12 11:00:00,24.1,18.75899999999999
2023-02-12 12:00:00,24.2,18.048000000000012
2023-02-12 13:00:00,25.3,18.268000000000008
2023-02-12 14:00:00,20.9,17.89400000000001
2023-02-12 15:00:00,17.6,17.672000000000008
2023-02-12 16:00:00,17.8,17.538000000000007
2023-02-12 17:00:00,19.2,22.278000000000006
2023-02-12 18:00:00,24.9,24.521999999999995
2023-02-12 19:00:00,28.9,24.840000000000003
2023-02-12 20:00:00,24.5,24.260000000000005
2023-02-12 21:00:00,21.6,22.178999999999995
2023-02-12 22:00:00,18.8,21.357999999999976
2023-02-12 23:00:00,16.5,17.56700000000002
2023-02-13 00:00:00,14.4,14.699000000000014
2023-02-13 01:00:00,10.9,12.51500000000001
2023-02-13 02:00:00,10.8,10.928000000000003
2023-02-13 03:00:00,10.6,10.337000000000003
2023-02-13 04:00:00,11.0,10.303999999999997
2023-02-13 05:00:00,11.9,10.344999999999997
2023-02-13 06:00:00,12.9,10.445
2023-02-13 07:00:00,14.8,13.142999999999999
2023-02-13 09:00:00,16.2,15.629000000000008
2023-02-13 10:00:00,15.7,16.424000000000007
2023-02-13 11:00:00,15.3,16.213
2023-02-13 12:00:00,16.0,15.19900000000001
2023-02-13 13:00:00,14.2,15.559000000000008
2023-02-13 14:00:00,15.1,16.060000000000006
2023-02-13 15:00:00,16.0,16.93000000000001
2023-02-13 16:00:00,17.3,16.55400000000001
2023-02-13 17:00:00,20.1,22.294999999999987
2023-02-13 18:00:00,25.5,24.551999999999992
2023-02-13 19:00:00,24.2,24.720000000000006
2023-02-13 20:00:00,24.9,24.582000000000015
2023-02-13 21:00:00,23.8,23.05100000000001
2023-02-13 22:00:00,20.9,22.139999999999986
2023-02-13 23:00:00,15.4,17.35200000000001
2023-02-14 00:00:00,12.4,14.430000000000014
2023-02-14 01:00:00,10.9,12.68300000000001
2023-02-14 02:00:00,10.5,11.009
2023-02-14 03:00:00,9.8,10.469999999999997
2023-02-14 04:00:00,10.0,10.379999999999997
2023-02-14 05:00:00,11.7,10.51
2023-02-14 06:00:00,12.5,10.704000000000002
2023-02-14 07:00:00,14.6,13.465999999999992
2023-02-14 08:00:00,16.0,14.619000000000002
2023-02-14 09:00:00,11.1,14.218000000000002
2023-02-14 10:00:00,9.7,13.618999999999998
2023-02-14 11:00:00,7.1,14.826999999999998
2023-02-14 12:00:00,9.5,15.516000000000005
2023-02-14 13:00:00,16.9,15.448000000000006
2023-02-14 14:00:00,18.1,15.951000000000004
2023-02-14 15:00:00,18.0,16.252000000000006
2023-02-14 16:00:00,21.2,16.361000000000004
2023-02-14 17:00:00,20.0,22.71899999999999
2023-02-14 18:00:00,21.8,24.419999999999995
2023-02-14 19:00:00,24.5,24.837000000000007
2023-02-14 20:00:00,23.9,24.670000000000012
2023-02-14 21:00:00,22.2,22.424000000000007
2023-02-14 22:00:00,20.6,21.68899999999998
2023-02-14 23:00:00,17.5,17.235000000000017
2023-02-15 00:00:00,13.2,14.64600000000001
2023-02-15 01:00:00,11.7,12.432000000000011
2023-02-15 02:00:00,10.5,11.011
2023-02-15 03:00:00,10.1,10.556999999999999
2023-02-15 04:00:00,10.9,10.536999999999999
2023-02-15 05:00:00,11.0,10.46
2023-02-15 06:00:00,11.3,10.668000000000005
2023-02-15 07:00:00,16.9,13.826999999999998
2023-02-15 08:00:00,16.2,14.850000000000005
2023-02-15 09:00:00,10.9,14.691000000000008
2023-02-15 10:00:00,10.8,14.77200000000001
2023-02-15 11:00:00,17.6,17.832999999999995
2023-02-15 12:00:00,20.5,16.817000000000007
2023-02-15 13:00:00,18.8,18.331000000000007
2023-02-15 14:00:00,19.9,18.33900000000001
2023-02-15 15:00:00,20.1,17.854000000000006
2023-02-15 16:00:00,20.5,17.798000000000005
2023-02-15 17:00:00,23.7,22.733
2023-02-15 18:00:00,27.1,25.007999999999996
2023-02-15 19:00:00,27.7,25.256
2023-02-15 20:00:00,26.6,24.714000000000002
2023-02-15 21:00:00,21.4,22.673999999999996
2023-02-15 22:00:00,20.2,21.643999999999977
2023-02-15 23:00:00,17.7,17.633000000000013
2023-02-16 00:00:00,12.6,14.538000000000013
2023-02-16 01:00:00,11.0,12.35700000000001
2023-02-16 02:00:00,10.7,10.903000000000004
2023-02-16 03:00:00,10.1,10.409
2023-02-16 04:00:00,11.1,10.363000000000001
2023-02-16 05:00:00,10.7,10.354000000000003
2023-02-16 06:00:00,11.2,10.529000000000005
2023-02-16 07:00:00,14.2,12.981000000000005
2023-02-16 08:00:00,15.3,14.061000000000002
2023-02-16 09:00:00,17.4,15.286000000000001
2023-02-16 10:00:00,19.2,17.003
2023-02-16 11:00:00,16.6,17.654
2023-02-16 12:00:00,17.0,17.041000000000007
2023-02-16 13:00:00,14.9,17.583000000000006
2023-02-16 14:00:00,15.7,17.477000000000004
2023-02-16 15:00:00,17.7,16.889000000000006
2023-02-16 16:00:00,22.4,16.927000000000007
2023-02-16 17:00:00,23.6,22.48
2023-02-16 18:00:00,23.6,24.816
2023-02-16 19:00:00,26.6,25.037
2023-02-16 20:00:00,25.5,24.456000000000003
2023-02-16 21:00:00,21.2,22.228999999999996
2023-02-16 22:00:00,18.3,21.067999999999973
2023-02-16 23:00:00,15.7,17.38800000000002
2023-02-17 00:00:00,11.3,14.499000000000013
2023-02-17 01:00:00,11.0,12.326000000000008
2023-02-17 02:00:00,9.9,10.761
2023-02-17 03:00:00,9.4,10.243999999999998
2023-02-17 04:00:00,9.3,9.992000000000004
2023-02-17 05:00:00,10.2,10.167000000000005
2023-02-17 06:00:00,10.8,10.013
2023-02-17 07:00:00,12.6,12.688999999999997
2023-02-17 08:00:00,15.1,13.836000000000004
2023-02-17 09:00:00,16.7,15.680000000000007
2023-02-17 10:00:00,18.3,16.723
2023-02-17 11:00:00,16.2,17.082
2023-02-17 12:00:00,18.0,15.995000000000006
2023-02-17 13:00:00,19.9,16.467000000000006
2023-02-17 14:00:00,19.8,16.436000000000007
2023-02-17 15:00:00,20.3,16.783000000000005
2023-02-17 16:00:00,18.4,16.800000000000004
2023-02-17 17:00:00,21.4,22.225
2023-02-17 18:00:00,20.2,24.483
2023-02-17 19:00:00,21.7,24.331
2023-02-17 20:00:00,24.0,23.838
2023-02-17 21:00:00,21.1,21.541
2023-02-17 22:00:00,18.4,20.539999999999985
2023-02-17 23:00:00,18.4,17.007000000000023
2023-02-18 00:00:00,13.5,14.775000000000016
2023-02-18 01:00:00,11.7,12.231000000000005
2023-02-18 02:00:00,10.6,11.014
2023-02-18 03:00:00,10.5,10.674000000000001
2023-02-18 04:00:00,10.2,10.429
2023-02-18 05:00:00,10.1,10.271000000000004
2023-02-18 06:00:00,10.1,10.092000000000004
2023-02-18 07:00:00,10.6,9.914000000000005
2023-02-18 08:00:00,13.6,13.787000000000008
2023-02-18 09:00:00,16.2,16.139000000000006
2023-02-18 10:00:00,19.2,17.192999999999994
2023-02-18 11:00:00,20.7,18.073
2023-02-18 12:00:00,19.5,17.38500000000001
2023-02-18 13:00:00,25.3,17.869000000000007
2023-02-18 14:00:00,21.7,17.571000000000005
2023-02-18 15:00:00,16.7,17.50500000000001
2023-02-18 16:00:00,14.8,16.469
2023-02-18 17:00:00,21.0,22.085000000000004
2023-02-18 18:00:00,21.5,22.726999999999997
2023-02-18 19:00:00,24.2,22.929000000000002
2023-02-18 20:00:00,24.3,22.723999999999993
2023-02-18 21:00:00,26.2,22.329999999999995
2023-02-18 22:00:00,20.8,20.521999999999984
2023-02-18 23:00:00,16.6,16.81500000000002
2023-02-19 00:00:00,13.8,14.597000000000014
2023-02-19 01:00:00,11.1,12.186000000000002
2023-02-19 02:00:00,11.7,11.019000000000004
2023-02-19 03:00:00,10.8,10.645
2023-02-19 04:00:00,10.2,10.413000000000002
2023-02-19 05:00:00,10.7,10.429
2023-02-19 06:00:00,10.1,9.991000000000003
2023-02-19 07:00:00,10.8,9.841000000000001
2023-02-19 08:00:00,14.9,13.932000000000011
2023-02-19 09:00:00,20.1,16.188000000000006
2023-02-19 10:00:00,22.6,17.381999999999994
2023-02-19 11:00:00,21.5,18.406999999999996
2023-02-19 12:00:00,21.0,17.437000000000012
2023-02-19 13:00:00,21.4,17.799000000000007
2023-02-19 14:00:00,21.5,17.78100000000001
2023-02-19 15:00:00,24.4,17.90900000000001
2023-02-19 16:00:00,27.0,18.09300000000001
2023-02-19 17:00:00,23.4,22.64
2023-02-19 18:00:00,28.7,24.966999999999988
2023-02-19 19:00:00,29.8,24.570999999999994
2023-02-19 20:00:00,25.9,24.120000000000005
2023-02-19 21:00:00,25.6,22.174999999999997
2023-02-19 22:00:00,20.8,20.75199999999998
2023-02-19 23:00:00,16.4,17.48000000000002
2023-02-20 00:00:00,13.1,14.556000000000013
2023-02-20 01:00:00,11.4,12.592000000000011
2023-02-20 02:00:00,11.0,10.996999999999998
2023-02-20 03:00:00,10.6,10.482999999999999
2023-02-20 04:00:00,10.4,10.361999999999998
2023-02-20 05:00:00,10.4,10.516999999999996
2023-02-20 06:00:00,11.7,10.538999999999996
2023-02-20 07:00:00,15.5,13.292
2023-02-20 08:00:00,17.2,14.170000000000009
2023-02-20 09:00:00,17.3,15.963000000000006
2023-02-20 10:00:00,17.0,17.046000000000003
2023-02-20 11:00:00,18.8,17.657000000000004
2023-02-20 12:00:00,19.4,16.994000000000014
2023-02-20 13:00:00,17.4,17.465000000000007
2023-02-20 14:00:00,22.7,17.71400000000001
2023-02-20 15:00:00,20.0,17.975000000000012
2023-02-20 16:00:00,21.3,17.628000000000007
2023-02-20 17:00:00,22.5,22.941999999999997
2023-02-20 18:00:00,28.5,24.013
2023-02-20 19:00:00,29.5,24.186000000000003
2023-02-20 20:00:00,27.8,23.954
2023-02-20 21:00:00,24.7,22.439999999999994
2023-02-20 22:00:00,20.1,20.967999999999993
2023-02-20 23:00:00,16.5,17.262000000000015
2023-02-21 00:00:00,14.0,14.516000000000012
2023-02-21 01:00:00,12.1,12.546000000000008
2023-02-21 02:00:00,10.4,10.905999999999999
2023-02-21 03:00:00,9.8,10.374999999999998
2023-02-21 04:00:00,9.7,10.283
2023-02-21 05:00:00,10.0,10.378999999999998
2023-02-21 06:00:00,12.9,11.568000000000005
2023-02-21 07:00:00,14.2,13.201000000000004
2023-02-21 08:00:00,16.6,14.293000000000008
2023-02-21 09:00:00,17.7,15.973000000000008
2023-02-21 10:00:00,16.7,16.945
2023-02-21 11:00:00,17.7,16.846
2023-02-21 12:00:00,16.0,15.92200000000001
2023-02-21 13:00:00,23.5,16.76400000000001
2023-02-21 14:00:00,18.6,16.751000000000005
2023-02-21 15:00:00,18.5,16.671000000000006
2023-02-21 16:00:00,22.1,17.281000000000006
2023-02-21 17:00:00,22.7,23.259
2023-02-21 18:00:00,26.3,26.08599999999998
2023-02-21 19:00:00,29.1,26.831999999999983
2023-02-21 20:00:00,31.9,26.473999999999993
2023-02-21 21:00:00,27.6,23.939999999999984
2023-02-21 22:00:00,20.8,21.619999999999983
2023-02-21 23:00:00,16.8,17.94100000000002
2023-02-22 00:00:00,12.9,14.905000000000014
2023-02-22 01:00:00,10.8,12.556000000000013
2023-02-22 02:00:00,9.0,10.907999999999994
2023-02-22 03:00:00,8.8,10.092999999999998
2023-02-22 04:00:00,9.8,10.075999999999997
2023-02-22 05:00:00,9.7,9.998999999999999
2023-02-22 06:00:00,12.4,10.791000000000002
2023-02-22 07:00:00,16.6,13.68
2023-02-22 08:00:00,17.2,14.740000000000009
2023-02-22 09:00:00,15.9,16.555000000000003
2023-02-22 10:00:00,16.7,17.222000000000005
2023-02-22 11:00:00,18.4,18.106
2023-02-22 12:00:00,20.0,16.965000000000018
2023-02-22 13:00:00,20.2,17.75400000000001
2023-02-22 14:00:00,21.8,17.79200000000001
2023-02-22 15:00:00,15.4,17.583000000000016
2023-02-22 16:00:00,17.2,18.006000000000018
2023-02-22 17:00:00,26.4,24.296000000000003
2023-02-22 18:00:00,26.8,26.921999999999993
2023-02-22 19:00:00,28.4,27.22599999999999
2023-02-22 20:00:00,29.5,27.154999999999994
2023-02-22 21:00:00,24.3,24.47899999999999
2023-02-22 22:00:00,20.7,22.622000000000003
2023-02-22 23:00:00,14.1,16.997999999999994
2023-02-23 00:00:00,12.5,14.541999999999996
2023-02-23 01:00:00,11.4,12.764000000000008
2023-02-23 02:00:00,10.0,10.711000000000002
2023-02-23 03:00:00,10.3,10.024000000000003
2023-02-23 04:00:00,10.0,9.842000000000006
2023-02-23 05:00:00,10.1,9.953000000000007
2023-02-23 06:00:00,9.7,10.334000000000009
2023-02-23 07:00:00,13.9,13.212000000000003
2023-02-23 08:00:00,13.1,14.940000000000012
2023-02-23 09:00:00,20.1,17.182000000000002
2023-02-23 10:00:00,19.0,19.309000000000005
2023-02-23 11:00:00,21.9,18.774000000000004
2023-02-23 12:00:00,23.2,17.194000000000006
2023-02-23 13:00:00,20.2,17.369000000000007
2023-02-23 14:00:00,21.3,17.352000000000004
2023-02-23 15:00:00,21.7,17.48500000000001
2023-02-23 16:00:00,23.3,17.547000000000008
2023-02-23 17:00:00,23.0,22.644000000000002
2023-02-23 18:00:00,23.4,25.185
2023-02-23 19:00:00,26.9,25.016
2023-02-23 20:00:00,25.2,24.426000000000002
2023-02-23 21:00:00,26.8,22.083999999999996
2023-02-23 22:00:00,22.7,20.898999999999972
2023-02-23 23:00:00,17.2,17.344000000000015
2023-02-24 00:00:00,16.3,14.633000000000012
2023-02-24 01:00:00,13.7,12.376000000000007
2023-02-24 02:00:00,13.0,11.080999999999994
2023-02-24 03:00:00,12.1,10.802
2023-02-24 04:00:00,12.7,10.552000000000003
2023-02-24 05:00:00,12.2,10.56
2023-02-24 06:00:00,11.8,10.532000000000004
2023-02-24 07:00:00,13.0,12.905000000000003
2023-02-24 08:00:00,16.3,13.948000000000006
2023-02-24 09:00:00,17.1,15.793000000000006
2023-02-24 10:00:00,21.7,16.936999999999998
2023-02-24 11:00:00,16.7,17.323999999999998
2023-02-24 12:00:00,18.7,16.42600000000001
2023-02-24 13:00:00,19.3,17.730000000000008
2023-02-24 14:00:00,25.1,17.718000000000007
2023-02-24 15:00:00,23.9,18.080000000000013
2023-02-24 16:00:00,25.4,18.06500000000001
2023-02-24 17:00:00,22.2,22.713
2023-02-24 18:00:00,29.9,24.761
2023-02-24 19:00:00,25.4,23.798000000000002
2023-02-24 20:00:00,23.5,23.355
2023-02-24 21:00:00,21.7,21.686
2023-02-24 22:00:00,18.0,20.546999999999983
2023-02-24 23:00:00,16.2,17.17900000000002
2023-02-25 00:00:00,14.2,14.785000000000014
2023-02-25 01:00:00,12.1,12.280000000000005
2023-02-25 02:00:00,12.4,11.026
2023-02-25 03:00:00,10.5,10.640999999999998
2023-02-25 04:00:00,10.2,10.291000000000006
2023-02-25 05:00:00,11.3,10.341000000000001
2023-02-25 06:00:00,11.2,10.056000000000006
2023-02-25 07:00:00,11.7,10.103000000000003
2023-02-25 08:00:00,14.2,13.82100000000001
2023-02-25 09:00:00,16.2,15.645000000000008
2023-02-25 10:00:00,19.7,16.915
2023-02-25 11:00:00,19.4,17.876
2023-02-25 12:00:00,20.9,16.769000000000016
2023-02-25 13:00:00,20.7,17.46300000000001
2023-02-25 14:00:00,20.5,17.38600000000001
2023-02-25 15:00:00,21.3,17.65900000000001
2023-02-25 16:00:00,22.7,17.91200000000001
2023-02-25 17:00:00,23.5,22.971999999999994
2023-02-25 18:00:00,24.7,24.79
2023-02-25 19:00:00,24.9,24.81
2023-02-25 20:00:00,23.9,24.122
2023-02-25 21:00:00,22.2,22.160999999999994
2023-02-25 22:00:00,19.6,21.530999999999977
2023-02-25 23:00:00,14.6,17.730000000000018
2023-02-26 00:00:00,12.9,14.966000000000015
2023-02-26 01:00:00,11.8,12.515000000000004
2023-02-26 02:00:00,10.3,11.132000000000005
2023-02-26 03:00:00,10.8,10.398000000000007
2023-02-26 04:00:00,10.1,10.210000000000008
2023-02-26 05:00:00,10.3,10.228000000000007
2023-02-26 06:00:00,9.9,10.100000000000007
2023-02-26 07:00:00,11.5,11.043000000000001
2023-02-26 08:00:00,15.3,14.600000000000009
2023-02-26 09:00:00,15.1,16.354000000000003
2023-02-26 10:00:00,16.7,17.145
2023-02-26 11:00:00,17.0,16.888000000000005
2023-02-26 12:00:00,11.2,14.86500000000001
2023-02-26 13:00:00,16.9,16.164000000000012
2023-02-26 14:00:00,19.2,16.721000000000007
2023-02-26 15:00:00,21.7,17.014000000000014
2023-02-26 16:00:00,22.7,16.66400000000001
2023-02-26 17:00:00,23.3,22.606999999999992
2023-02-26 18:00:00,29.1,25.917999999999985
2023-02-26 19:00:00,30.1,26.032999999999987
2023-02-26 20:00:00,29.0,26.243999999999993
2023-02-26 21:00:00,27.2,24.23199999999999
2023-02-26 22:00:00,23.7,22.007999999999978
2023-02-26 23:00:00,19.9,17.682000000000027
2023-02-27 00:00:00,14.8,14.766000000000014
2023-02-27 01:00:00,13.6,12.941000000000013
2023-02-27 02:00:00,12.3,10.986999999999997
2023-02-27 03:00:00,11.4,10.399999999999999
2023-02-27 04:00:00,9.1,9.900999999999996
2023-02-27 05:00:00,9.6,9.757000000000007
2023-02-27 06:00:00,9.8,10.098999999999993
2023-02-27 07:00:00,11.3,12.800999999999988
2023-02-27 08:00:00,11.4,13.446000000000003
2023-02-27 09:00:00,9.5,14.359000000000005
2023-02-27 10:00:00,6.2,14.723999999999998
2023-02-27 11:00:00,6.9,15.534999999999993
2023-02-27 12:00:00,10.9,16.16200000000001
2023-02-27 13:00:00,9.0,16.288000000000007
2023-02-27 14:00:00,13.1,16.621000000000006
2023-02-27 15:00:00,21.1,17.093000000000007
2023-02-27 16:00:00,20.9,17.72400000000001
2023-02-27 17:00:00,28.9,23.546999999999997
2023-02-27 18:00:00,27.0,24.758999999999993
2023-02-27 19:00:00,27.8,25.272000000000013
2023-02-27 20:00:00,30.3,24.77900000000001
2023-02-27 21:00:00,27.2,22.649999999999995
2023-02-27 22:00:00,24.1,21.937999999999978
2023-02-27 23:00:00,19.2,17.75900000000001
2023-02-28 00:00:00,15.7,14.647000000000014
2023-02-28 01:00:00,13.2,12.781000000000011
2023-02-28 02:00:00,12.1,11.100999999999999
2023-02-28 03:00:00,10.7,10.583
2023-02-28 04:00:00,10.4,10.388999999999996
2023-02-28 05:00:00,10.5,10.423
2023-02-28 06:00:00,12.1,10.625
2023-02-28 07:00:00,13.2,13.070999999999996
2023-02-28 08:00:00,15.9,14.329
2023-02-28 09:00:00,14.8,14.753999999999996
2023-02-28 10:00:00,11.3,15.012999999999991
2023-02-28 11:00:00,9.3,15.835999999999991
2023-02-28 12:00:00,13.1,16.082000000000004
2023-02-28 13:00:00,19.7,17.202
2023-02-28 14:00:00,18.3,17.464000000000002
2023-02-28 15:00:00,18.4,17.48500000000001
2023-02-28 16:00:00,20.1,17.083000000000006
2023-02-28 17:00:00,27.1,22.66199999999999
2023-02-28 18:00:00,24.6,24.58299999999999
2023-02-28 19:00:00,29.5,25.425000000000008
2023-02-28 20:00:00,29.0,24.776000000000007
2023-02-28 21:00:00,22.9,23.209000000000007
2023-02-28 22:00:00,22.0,22.01399999999998
2023-02-28 23:00:00,16.2,17.231000000000016
2023-03-01 00:00:00,13.7,14.50100000000001
2023-03-01 01:00:00,12.4,12.72200000000001
2023-03-01 02:00:00,11.4,11.076
2023-03-01 03:00:00,11.4,10.559
2023-03-01 04:00:00,10.8,10.434
2023-03-01 05:00:00,12.0,10.494000000000002
2023-03-01 06:00:00,12.0,10.694000000000003
2023-03-01 07:00:00,13.6,12.844000000000001
2023-03-01 08:00:00,11.7,14.040999999999997
2023-03-01 09:00:00,10.4,14.089999999999991
2023-03-01 10:00:00,7.9,14.06099999999999
2023-03-01 11:00:00,12.1,14.570999999999993
2023-03-01 12:00:00,7.1,14.781999999999991
2023-03-01 13:00:00,9.9,14.45999999999999
2023-03-01 14:00:00,8.2,14.811999999999987
2023-03-01 15:00:00,10.3,15.123999999999985
2023-03-01 16:00:00,14.3,15.577999999999989
2023-03-01 17:00:00,23.2,23.592999999999993
2023-03-01 18:00:00,24.2,24.229000000000006
2023-03-01 19:00:00,26.1,24.522000000000006
2023-03-01 20:00:00,24.2,24.370000000000005
2023-03-01 21:00:00,20.9,22.251000000000005
2023-03-01 22:00:00,18.6,21.765999999999977
2023-03-01 23:00:00,16.0,17.656000000000017
2023-03-02 00:00:00,14.6,14.693000000000014
2023-03-02 01:00:00,13.2,12.530000000000008
2023-03-02 02:00:00,11.4,10.840000000000002
2023-03-02 03:00:00,10.3,10.380999999999997
2023-03-02 04:00:00,10.4,10.169000000000002
2023-03-02 05:00:00,10.5,10.140000000000002
2023-03-02 06:00:00,14.2,10.534000000000006
2023-03-02 07:00:00,14.7,12.781000000000004
2023-03-02 08:00:00,13.1,14.116999999999988
2023-03-02 09:00:00,10.1,14.318999999999987
2023-03-02 10:00:00,8.1,14.409999999999986
2023-03-02 11:00:00,6.9,14.615999999999987
2023-03-02 12:00:00,7.1,14.693999999999987
2023-03-02 13:00:00,9.4,14.571999999999992
2023-03-02 14:00:00,9.0,15.430999999999985
2023-03-02 15:00:00,10.6,15.697999999999986
2023-03-02 16:00:00,17.8,16.13299999999999
2023-03-02 17:00:00,19.7,22.638999999999992
2023-03-02 18:00:00,27.8,24.765999999999995
2023-03-02 19:00:00,28.7,25.212
2023-03-02 20:00:00,28.5,24.851
2023-03-02 21:00:00,26.5,22.675
2023-03-02 22:00:00,17.8,21.338999999999977
2023-03-02 23:00:00,15.3,17.03000000000001
2023-03-03 00:00:00,13.0,14.430000000000012
2023-03-03 01:00:00,11.3,12.481000000000003
2023-03-03 02:00:00,11.1,10.901000000000002
2023-03-03 03:00:00,10.2,10.637
2023-03-03 04:00:00,10.2,10.401000000000009
2023-03-03 05:00:00,10.4,10.439000000000004
2023-03-03 06:00:00,11.1,10.235000000000005
2023-03-03 07:00:00,14.4,12.830000000000005
2023-03-03 08:00:00,11.2,14.277999999999993
2023-03-03 09:00:00,10.4,14.61899999999999
2023-03-03 10:00:00,7.0,14.575999999999988
2023-03-03 11:00:00,5.9,15.272999999999993
2023-03-03 12:00:00,7.0,14.99299999999999
2023-03-03 13:00:00,10.7,14.607999999999993
2023-03-03 14:00:00,10.5,15.662999999999988
2023-03-03 15:00:00,12.8,15.623999999999988
2023-03-03 16:00:00,13.7,15.814999999999992
2023-03-03 17:00:00,18.4,23.402999999999988
2023-03-03 18:00:00,23.7,24.764000000000006
2023-03-03 19:00:00,22.3,24.321000000000005
2023-03-03 20:00:00,19.9,22.722
2023-03-03 21:00:00,20.2,21.422000000000004
2023-03-03 22:00:00,15.7,20.45699999999999
2023-03-03 23:00:00,13.7,16.580000000000023
2023-03-04 00:00:00,12.8,14.747000000000014
2023-03-04 01:00:00,12.8,12.249000000000008
2023-03-04 02:00:00,10.9,11.021999999999998
2023-03-04 03:00:00,10.7,10.738000000000001
2023-03-04 04:00:00,10.5,10.346000000000004
2023-03-04 05:00:00,11.0,10.276000000000003
2023-03-04 06:00:00,11.1,10.055000000000005
2023-03-04 07:00:00,10.8,9.841000000000006
2023-03-04 08:00:00,13.8,13.481999999999998
2023-03-04 09:00:00,16.3,14.787
2023-03-04 10:00:00,19.2,15.177000000000007
2023-03-04 11:00:00,18.3,16.391000000000002
2023-03-04 12:00:00,26.4,18.032000000000004
2023-03-04 13:00:00,24.3,19.371
2023-03-04 14:00:00,24.3,19.215
2023-03-04 15:00:00,21.9,19.121
2023-03-04 16:00:00,18.5,19.022
2023-03-04 17:00:00,20.4,23.785999999999987
2023-03-04 18:00:00,27.5,25.149999999999995
2023-03-04 19:00:00,25.2,23.701999999999998
2023-03-04 20:00:00,26.6,23.159999999999997
2023-03-04 21:00:00,25.4,21.913999999999998
2023-03-04 22:00:00,22.6,21.042999999999985
2023-03-04 23:00:00,18.2,17.28300000000002
2023-03-05 00:00:00,16.2,14.694000000000015
2023-03-05 01:00:00,14.4,12.648000000000007
2023-03-05 02:00:00,12.0,11.139000000000003
2023-03-05 03:00:00,11.1,10.830000000000002
2023-03-05 04:00:00,10.8,10.347000000000003
2023-03-05 05:00:00,10.2,10.320000000000004
2023-03-05 06:00:00,9.9,9.798000000000004
2023-03-05 07:00:00,10.0,9.814999999999998
2023-03-05 08:00:00,14.6,12.294000000000004
2023-03-05 09:00:00,16.3,12.957
2023-03-05 10:00:00,18.2,13.681000000000004
2023-03-05 11:00:00,20.0,16.44299999999999
2023-03-05 12:00:00,20.9,16.782999999999994
2023-03-05 13:00:00,24.5,18.715999999999998
2023-03-05 14:00:00,22.7,19.572
2023-03-05 15:00:00,21.2,19.534000000000002
2023-03-05 16:00:00,21.1,19.612999999999996
2023-03-05 17:00:00,29.1,24.898999999999983
2023-03-05 18:00:00,26.5,26.190999999999985
2023-03-05 19:00:00,31.4,26.87099999999998
2023-03-05 20:00:00,24.6,25.726999999999975
2023-03-05 21:00:00,23.6,23.43299999999999
2023-03-05 22:00:00,20.1,20.823999999999984
2023-03-05 23:00:00,16.4,17.688000000000027
2023-03-06 00:00:00,13.3,14.873000000000012
2023-03-06 01:00:00,12.2,12.534000000000013
2023-03-06 02:00:00,13.1,11.566999999999997
2023-03-06 03:00:00,11.9,10.836999999999998
2023-03-06 04:00:00,12.2,10.83
2023-03-06 05:00:00,12.5,10.701
2023-03-06 06:00:00,13.4,11.464000000000004
2023-03-06 07:00:00,13.8,13.230000000000002
2023-03-06 08:00:00,14.4,13.848999999999988
2023-03-06 09:00:00,17.3,14.547999999999993
2023-03-06 10:00:00,17.9,14.748
2023-03-06 11:00:00,20.5,16.718999999999998
2023-03-06 12:00:00,24.1,16.747
2023-03-06 13:00:00,22.6,17.100999999999996
2023-03-06 14:00:00,19.1,17.531
2023-03-06 15:00:00,17.1,19.151
2023-03-06 16:00:00,18.1,17.072
2023-03-06 17:00:00,23.6,23.935999999999986
2023-03-06 18:00:00,27.4,25.432999999999996
2023-03-06 19:00:00,31.2,26.269000000000005
2023-03-06 20:00:00,31.1,24.75699999999999
2023-03-06 21:00:00,25.9,23.609999999999992
2023-03-06 22:00:00,20.8,21.07399999999999
2023-03-06 23:00:00,18.6,17.892000000000007
2023-03-07 00:00:00,15.7,14.674000000000014
2023-03-07 01:00:00,12.9,12.699000000000012
2023-03-07 02:00:00,12.7,11.612000000000005
2023-03-07 03:00:00,11.7,11.099000000000006
2023-03-07 04:00:00,12.5,11.218000000000002
2023-03-07 05:00:00,11.6,11.119000000000003
2023-03-07 06:00:00,12.4,11.222999999999999
2023-03-07 07:00:00,15.2,13.518000000000006
2023-03-07 08:00:00,16.8,14.800999999999986
2023-03-07 09:00:00,16.2,15.397999999999985
2023-03-07 10:00:00,15.2,14.820999999999993
2023-03-07 11:00:00,15.6,14.63199999999999
2023-03-07 12:00:00,13.2,14.139999999999988
2023-03-07 13:00:00,12.0,16.667999999999996
2023-03-07 14:00:00,15.8,16.926
2023-03-07 15:00:00,13.3,16.881
2023-03-07 16:00:00,15.4,17.110999999999997
2023-03-07 17:00:00,20.6,24.086999999999986
2023-03-07 18:00:00,30.5,24.435999999999993
2023-03-07 19:00:00,34.3,24.99299999999999
2023-03-07 20:00:00,29.1,24.315999999999995
2023-03-07 21:00:00,26.2,23.61599999999999
2023-03-07 22:00:00,21.1,20.755999999999986
2023-03-07 23:00:00,17.9,17.36000000000002
2023-03-08 00:00:00,14.5,14.48200000000001
2023-03-08 01:00:00,12.2,12.294000000000006
2023-03-08 02:00:00,11.3,10.97799999999999
2023-03-08 03:00:00,11.1,10.4
2023-03-08 04:00:00,10.8,10.258000000000006
2023-03-08 05:00:00,11.9,10.289000000000001
2023-03-08 06:00:00,11.2,10.415999999999997
2023-03-08 07:00:00,14.0,12.882000000000005
2023-03-08 08:00:00,15.6,13.548
2023-03-08 09:00:00,16.6,14.916000000000002
2023-03-08 10:00:00,16.7,14.960000000000006
2023-03-08 11:00:00,15.0,16.564
2023-03-08 12:00:00,19.7,18.328
2023-03-08 13:00:00,17.0,19.130999999999993
2023-03-08 14:00:00,15.3,19.697
2023-03-08 15:00:00,14.6,19.688
2023-03-08 16:00:00,15.5,19.666999999999998
2023-03-08 17:00:00,20.8,23.937999999999985
2023-03-08 18:00:00,20.5,22.68399999999999
2023-03-08 19:00:00,26.6,23.909999999999986
2023-03-08 20:00:00,24.2,24.379999999999985
2023-03-08 21:00:00,21.8,23.922999999999988
2023-03-08 22:00:00,25.4,21.056999999999988
2023-03-08 23:00:00,16.4,17.11200000000002
2023-03-09 00:00:00,14.6,14.662000000000013
2023-03-09 01:00:00,12.3,12.552000000000012
2023-03-09 02:00:00,9.7,10.923000000000002
2023-03-09 03:00:00,9.2,10.194000000000003
2023-03-09 04:00:00,9.2,10.154000000000007
2023-03-09 05:00:00,9.7,10.372000000000003
2023-03-09 06:00:00,11.0,11.098000000000003
2023-03-09 07:00:00,14.3,13.168000000000005
2023-03-09 08:00:00,15.1,14.402999999999997
2023-03-09 09:00:00,14.2,14.182
2023-03-09 10:00:00,11.5,14.352999999999994
2023-03-09 11:00:00,12.8,14.122999999999998
2023-03-09 12:00:00,13.3,13.938999999999997
2023-03-09 13:00:00,11.3,13.727999999999998
2023-03-09 14:00:00,11.0,14.556999999999993
2023-03-09 15:00:00,14.6,14.616999999999987
2023-03-09 16:00:00,15.0,14.409999999999984
2023-03-09 17:00:00,20.8,22.855999999999984
2023-03-09 18:00:00,23.8,26.30099999999998
2023-03-09 19:00:00,29.7,27.352999999999984
2023-03-09 20:00:00,25.0,26.60399999999999
2023-03-09 21:00:00,24.2,23.99299999999997
2023-03-09 22:00:00,19.5,21.627999999999997
2023-03-09 23:00:00,17.4,17.716000000000005
2023-03-10 00:00:00,13.5,15.017999999999995
2023-03-10 01:00:00,11.0,12.714
2023-03-10 02:00:00,11.4,11.200000000000003
2023-03-10 03:00:00,10.7,10.571000000000003
2023-03-10 04:00:00,10.7,10.561000000000005
2023-03-10 05:00:00,10.9,10.532000000000004
2023-03-10 06:00:00,11.4,10.872
2023-03-10 07:00:00,14.0,13.205
2023-03-10 08:00:00,12.4,13.582999999999993
2023-03-10 09:00:00,12.1,14.04599999999999
2023-03-10 10:00:00,8.8,14.572999999999993
2023-03-10 11:00:00,5.9,14.774999999999995
2023-03-10 12:00:00,9.0,15.13299999999999
2023-03-10 13:00:00,13.8,14.43999999999999
2023-03-10 14:00:00,10.2,15.499999999999986
2023-03-10 15:00:00,9.4,15.411999999999985
2023-03-10 16:00:00,11.2,15.62099999999999
2023-03-10 17:00:00,20.8,22.87099999999998
2023-03-10 18:00:00,20.2,24.962999999999997
2023-03-10 19:00:00,24.5,25.824999999999996
2023-03-10 20:00:00,22.8,26.216999999999988
2023-03-10 21:00:00,22.6,24.16099999999999
2023-03-10 22:00:00,21.4,21.97000000000001
2023-03-10 23:00:00,19.5,18.407000000000007
2023-03-11 00:00:00,15.7,15.384000000000004
2023-03-11 01:00:00,13.7,13.159000000000015
2023-03-11 02:00:00,12.2,11.541000000000006
2023-03-11 03:00:00,10.8,10.819999999999999
2023-03-11 04:00:00,10.2,10.522000000000006
2023-03-11 05:00:00,10.5,10.561000000000003
2023-03-11 06:00:00,10.1,10.55800000000001
2023-03-11 07:00:00,10.7,11.118000000000006
2023-03-11 08:00:00,14.7,14.511000000000008
2023-03-11 09:00:00,15.5,14.875999999999992
2023-03-11 10:00:00,18.6,14.547999999999995
2023-03-11 11:00:00,16.9,15.828
2023-03-11 12:00:00,16.0,17.296
2023-03-11 13:00:00,19.2,17.915
2023-03-11 14:00:00,18.3,17.092
2023-03-11 15:00:00,18.5,18.145
2023-03-11 16:00:00,16.6,20.136
2023-03-11 17:00:00,16.5,23.573999999999987
2023-03-11 18:00:00,17.7,22.307
2023-03-11 19:00:00,18.6,22.53199999999998
2023-03-11 20:00:00,19.6,22.733999999999977
2023-03-11 21:00:00,22.8,23.210999999999984
2023-03-11 22:00:00,21.7,20.84799999999999
2023-03-11 23:00:00,16.6,17.310000000000024
2023-03-12 00:00:00,13.2,14.898000000000017
2023-03-12 01:00:00,13.4,12.509000000000004
2023-03-12 02:00:00,11.3,11.123
2023-03-12 03:00:00,9.9,10.533
2023-03-12 04:00:00,9.9,10.390000000000004
2023-03-12 05:00:00,9.8,10.407000000000004
2023-03-12 06:00:00,10.6,9.970000000000006
2023-03-12 07:00:00,11.0,9.967
2023-03-12 08:00:00,13.0,13.84
2023-03-12 09:00:00,13.3,13.61599999999999
2023-03-12 10:00:00,15.8,13.547999999999991
2023-03-12 11:00:00,9.9,12.617999999999997
2023-03-12 12:00:00,7.0,12.191999999999991
2023-03-12 13:00:00,6.8,10.821999999999989
2023-03-12 14:00:00,6.9,11.743999999999993
2023-03-12 15:00:00,15.5,14.262000000000002
2023-03-12 16:00:00,17.7,15.772000000000007
2023-03-12 17:00:00,17.8,23.042999999999978
2023-03-12 18:00:00,20.9,24.469999999999995
2023-03-12 19:00:00,21.3,24.651
2023-03-12 20:00:00,24.4,24.131999999999998
2023-03-12 21:00:00,25.8,22.726999999999997
2023-03-12 22:00:00,18.7,21.17399999999998
2023-03-12 23:00:00,14.6,16.940000000000012
2023-03-13 00:00:00,12.7,14.438000000000011
2023-03-13 01:00:00,13.2,12.61700000000001
2023-03-13 02:00:00,11.9,10.922999999999996
2023-03-13 03:00:00,12.0,10.652000000000001
2023-03-13 04:00:00,10.8,10.574000000000002
2023-03-13 05:00:00,9.6,10.317000000000002
2023-03-13 06:00:00,10.8,10.716999999999999
2023-03-13 07:00:00,10.5,12.801000000000002
2023-03-13 08:00:00,10.5,13.508999999999997
2023-03-13 09:00:00,6.6,14.030999999999992
2023-03-13 10:00:00,4.3,15.229999999999992
2023-03-13 11:00:00,5.3,14.74699999999999
2023-03-13 12:00:00,7.0,14.640999999999988
2023-03-13 13:00:00,8.6,13.55599999999999
2023-03-13 14:00:00,9.3,14.703999999999985
2023-03-13 15:00:00,15.3,14.973999999999984
2023-03-13 16:00:00,17.8,15.392999999999988
2023-03-13 17:00:00,17.9,22.70699999999999
2023-03-13 18:00:00,20.2,24.234999999999992
2023-03-13 19:00:00,23.4,24.235
2023-03-13 20:00:00,27.6,23.298
2023-03-13 21:00:00,19.7,22.156
2023-03-13 22:00:00,16.9,20.748999999999988
2023-03-13 23:00:00,15.2,16.869000000000014
2023-03-14 00:00:00,12.2,14.58300000000001
2023-03-14 01:00:00,11.0,12.362000000000007
2023-03-14 02:00:00,9.3,10.658
2023-03-14 03:00:00,9.6,10.245
2023-03-14 04:00:00,9.3,10.130000000000003
2023-03-14 05:00:00,9.2,10.153000000000004
2023-03-14 06:00:00,8.7,10.259000000000004
2023-03-14 07:00:00,11.5,12.587000000000007
2023-03-14 08:00:00,13.9,13.343000000000002
2023-03-14 09:00:00,15.7,14.259000000000006
2023-03-14 10:00:00,13.9,14.634000000000006
2023-03-14 11:00:00,17.1,16.273999999999997
2023-03-14 12:00:00,20.0,16.846
2023-03-14 13:00:00,17.1,17.051000000000002
2023-03-14 14:00:00,14.9,17.347
2023-03-14 15:00:00,16.3,19.304000000000002
2023-03-14 16:00:00,18.2,19.241
2023-03-14 17:00:00,21.8,23.445999999999984
2023-03-14 18:00:00,17.6,22.609999999999992
2023-03-14 19:00:00,22.5,23.361000000000008
2023-03-14 20:00:00,26.9,23.30200000000001
2023-03-14 21:00:00,24.5,22.230000000000004
2023-03-14 22:00:00,15.7,20.503999999999987
2023-03-14 23:00:00,12.9,16.53000000000002
2023-03-15 00:00:00,12.7,14.59000000000001
2023-03-15 01:00:00,10.7,12.271000000000008
2023-03-15 02:00:00,11.0,10.955999999999996
2023-03-15 03:00:00,10.2,10.581999999999999
2023-03-15 04:00:00,10.0,10.379000000000001
2023-03-15 05:00:00,10.6,10.401000000000002
2023-03-15 06:00:00,10.1,10.765000000000004
2023-03-15 07:00:00,11.6,12.907000000000005
2023-03-15 08:00:00,11.9,12.116000000000003
2023-03-15 09:00:00,10.8,12.109000000000005
2023-03-15 10:00:00,11.7,12.822000000000005
2023-03-15 11:00:00,7.5,13.973999999999995
2023-03-15 12:00:00,5.0,13.50499999999999
2023-03-15 13:00:00,5.5,13.282999999999992
2023-03-15 14:00:00,6.5,14.449999999999983
2023-03-15 15:00:00,10.3,14.935999999999984
2023-03-15 16:00:00,11.1,15.43799999999999
2023-03-15 17:00:00,18.4,22.523999999999987
2023-03-15 18:00:00,19.4,24.697999999999997
2023-03-15 19:00:00,26.3,24.89
2023-03-15 20:00:00,26.0,24.407000000000004
2023-03-15 21:00:00,27.2,22.249000000000006
2023-03-15 22:00:00,17.7,21.41899999999998
2023-03-15 23:00:00,15.6,17.253000000000014
2023-03-16 00:00:00,12.4,14.452000000000012
2023-03-16 01:00:00,10.7,12.545000000000007
2023-03-16 02:00:00,9.8,10.729000000000001
2023-03-16 03:00:00,10.1,10.299
2023-03-16 04:00:00,10.4,10.056000000000004
2023-03-16 05:00:00,10.1,10.042000000000005
2023-03-16 06:00:00,10.5,10.246000000000006
2023-03-16 07:00:00,12.3,12.678000000000004
2023-03-16 08:00:00,11.3,13.30599999999999
2023-03-16 09:00:00,11.3,13.662999999999986
2023-03-16 10:00:00,3.0,13.885999999999989
2023-03-16 11:00:00,4.0,14.24599999999999
2023-03-16 12:00:00,7.8,14.223999999999988
2023-03-16 13:00:00,4.8,14.014999999999992
2023-03-16 14:00:00,9.5,14.799999999999985
2023-03-16 15:00:00,9.4,15.356999999999985
2023-03-16 16:00:00,14.0,15.468999999999992
2023-03-16 17:00:00,16.9,22.63199999999999
2023-03-16 18:00:00,21.2,24.599000000000004
2023-03-16 19:00:00,23.3,25.256000000000007
2023-03-16 20:00:00,21.2,24.439000000000007
2023-03-16 21:00:00,22.3,22.877999999999993
2023-03-16 22:00:00,18.4,21.676999999999975
2023-03-16 23:00:00,18.6,18.262000000000018
2023-03-17 00:00:00,12.5,14.84400000000001
2023-03-17 01:00:00,12.0,12.396000000000015
2023-03-17 02:00:00,9.9,10.771000000000004
2023-03-17 03:00:00,9.2,10.096999999999998
2023-03-17 04:00:00,9.5,10.028999999999998
2023-03-17 05:00:00,9.8,10.006000000000002
2023-03-17 06:00:00,10.0,10.407000000000004
2023-03-17 07:00:00,11.4,12.571999999999996
2023-03-17 08:00:00,6.9,12.718999999999994
2023-03-17 09:00:00,8.1,14.415999999999991
2023-03-17 10:00:00,8.0,14.349999999999993
2023-03-17 11:00:00,7.9,14.088999999999993
2023-03-17 12:00:00,7.1,13.766999999999996
2023-03-17 13:00:00,10.7,13.542999999999997
2023-03-17 14:00:00,9.1,14.47499999999999
2023-03-17 15:00:00,6.6,14.62099999999999
2023-03-17 16:00:00,11.4,14.856999999999996
2023-03-17 17:00:00,18.3,22.313999999999993
2023-03-17 18:00:00,21.5,24.187
2023-03-17 19:00:00,23.9,24.692000000000004
2023-03-17 20:00:00,25.1,24.226000000000003
2023-03-17 21:00:00,22.8,21.986999999999995
2023-03-17 22:00:00,20.4,22.15799999999998
2023-03-17 23:00:00,18.4,17.48800000000002
2023-03-18 00:00:00,13.3,14.632000000000012
2023-03-18 01:00:00,11.4,12.586000000000006
2023-03-18 02:00:00,10.5,10.686000000000005
2023-03-18 03:00:00,9.5,10.257000000000005
2023-03-18 04:00:00,9.6,10.130000000000006
2023-03-18 05:00:00,10.1,10.176000000000005
2023-03-18 06:00:00,9.8,9.91
2023-03-18 07:00:00,10.0,10.067000000000004
2023-03-18 08:00:00,13.6,14.648999999999992
2023-03-18 09:00:00,16.3,15.359999999999983
2023-03-18 10:00:00,15.2,15.127999999999997
2023-03-18 11:00:00,13.3,14.653999999999995
2023-03-18 12:00:00,14.8,14.63299999999999
2023-03-18 13:00:00,12.4,14.354999999999992
2023-03-18 14:00:00,14.9,15.546999999999992
2023-03-18 15:00:00,18.0,16.384999999999987
2023-03-18 16:00:00,16.5,16.11599999999999
2023-03-18 17:00:00,21.7,22.67099999999999
2023-03-18 18:00:00,23.1,23.837999999999994
2023-03-18 19:00:00,22.1,23.740999999999996
2023-03-18 20:00:00,19.1,23.15999999999999
2023-03-18 21:00:00,23.4,22.384000000000004
2023-03-18 22:00:00,24.6,22.28399999999998
2023-03-18 23:00:00,20.5,17.835000000000022
2023-03-19 00:00:00,15.4,14.877000000000018
2023-03-19 01:00:00,11.5,12.579
2023-03-19 02:00:00,10.7,10.763000000000007
2023-03-19 03:00:00,9.3,10.145
2023-03-19 04:00:00,9.0,9.928
2023-03-19 05:00:00,8.8,9.915
2023-03-19 06:00:00,9.2,9.773000000000003
2023-03-19 07:00:00,9.4,9.910999999999998
2023-03-19 08:00:00,12.8,14.477999999999986
2023-03-19 09:00:00,17.0,15.82299999999999
2023-03-19 10:00:00,15.5,15.717999999999993
2023-03-19 11:00:00,15.2,15.523999999999994
2023-03-19 12:00:00,13.3,15.027999999999986
2023-03-19 13:00:00,11.7,15.313999999999997
2023-03-19 14:00:00,18.8,16.562999999999985
2023-03-19 15:00:00,16.3,16.290999999999983
2023-03-19 16:00:00,16.7,17.607
2023-03-19 17:00:00,19.9,23.941999999999993
2023-03-19 18:00:00,21.0,24.106000000000005
2023-03-19 19:00:00,20.7,24.366000000000014
2023-03-19 20:00:00,25.0,23.88300000000001
2023-03-19 21:00:00,21.5,22.035000000000004
2023-03-19 22:00:00,18.8,21.234999999999978
2023-03-19 23:00:00,14.8,17.466000000000022
2023-03-20 00:00:00,13.5,14.66900000000001
2023-03-20 01:00:00,11.1,12.47700000000001
2023-03-20 02:00:00,10.9,10.724
2023-03-20 03:00:00,9.4,10.153000000000002
2023-03-20 04:00:00,9.4,10.052000000000003
2023-03-20 05:00:00,9.5,10.108000000000002
2023-03-20 06:00:00,10.9,10.370000000000005
2023-03-20 07:00:00,13.3,12.789000000000001
2023-03-20 08:00:00,14.7,14.174999999999997
2023-03-20 09:00:00,15.1,14.557999999999993
2023-03-20 10:00:00,14.0,14.664999999999994
2023-03-20 11:00:00,12.7,14.764999999999986
2023-03-20 12:00:00,17.0,15.468999999999992
2023-03-20 13:00:00,16.0,14.713999999999992
2023-03-20 14:00:00,16.3,16.170999999999985
2023-03-20 15:00:00,16.3,16.195999999999984
2023-03-20 16:00:00,16.9,17.041999999999987
2023-03-20 17:00:00,22.8,23.754999999999985
2023-03-20 18:00:00,26.1,24.774000000000004
2023-03-20 19:00:00,25.9,24.42700000000001
2023-03-20 20:00:00,25.9,23.947000000000013
2023-03-20 21:00:00,24.0,22.121
2023-03-20 22:00:00,16.5,21.030999999999985
2023-03-20 23:00:00,13.3,17.608000000000004
2023-03-21 00:00:00,10.9,14.561000000000014
2023-03-21 01:00:00,9.5,12.219000000000005
2023-03-21 02:00:00,9.5,10.896999999999998
2023-03-21 03:00:00,9.7,10.505999999999997
2023-03-21 04:00:00,11.1,10.436000000000002
2023-03-21 05:00:00,11.5,10.424000000000001
2023-03-21 06:00:00,11.3,10.502000000000002
2023-03-21 07:00:00,15.5,12.952000000000004
2023-03-21 08:00:00,13.7,14.481999999999992
2023-03-21 09:00:00,16.6,14.529999999999989
2023-03-21 10:00:00,15.0,15.077999999999992
2023-03-21 11:00:00,11.6,14.94899999999999
2023-03-21 12:00:00,8.7,14.997999999999985
2023-03-21 13:00:00,7.6,14.59999999999999
2023-03-21 14:00:00,8.3,15.547999999999988
2023-03-21 15:00:00,11.7,15.939999999999989
2023-03-21 16:00:00,15.1,16.24199999999999
2023-03-21 17:00:00,20.5,23.61099999999998
2023-03-21 18:00:00,23.3,24.669
2023-03-21 19:00:00,24.2,24.472000000000012
2023-03-21 20:00:00,25.9,23.968000000000007
2023-03-21 21:00:00,23.2,22.359
2023-03-21 22:00:00,21.1,21.040999999999983
2023-03-21 23:00:00,16.9,17.286000000000016
2023-03-22 00:00:00,13.2,14.530000000000012
2023-03-22 01:00:00,10.4,12.437000000000006
2023-03-22 02:00:00,10.2,10.899
2023-03-22 03:00:00,10.2,10.368999999999998
2023-03-22 04:00:00,10.1,10.243
2023-03-22 05:00:00,10.7,10.417
2023-03-22 06:00:00,10.8,10.504000000000003
2023-03-22 07:00:00,12.8,12.958000000000002
2023-03-22 08:00:00,16.5,14.579999999999991
2023-03-22 09:00:00,16.0,15.025999999999993
2023-03-22 10:00:00,15.4,15.166999999999996
2023-03-22 11:00:00,14.1,15.430999999999992
2023-03-22 12:00:00,20.0,16.55999999999999
2023-03-22 13:00:00,18.5,17.097999999999992
2023-03-22 14:00:00,18.6,18.04299999999999
2023-03-22 15:00:00,18.0,18.12799999999999
2023-03-22 16:00:00,20.9,18.334999999999994
2023-03-22 17:00:00,20.4,23.497999999999987
2023-03-22 18:00:00,22.1,24.656000000000002
2023-03-22 19:00:00,24.9,24.342000000000006
2023-03-22 20:00:00,22.3,23.893000000000008
2023-03-22 21:00:00,19.0,22.065999999999995
2023-03-22 22:00:00,19.2,20.75499999999998
2023-03-22 23:00:00,16.6,17.244000000000014
2023-03-23 00:00:00,14.4,14.637000000000011
2023-03-23 01:00:00,11.7,12.390000000000008
2023-03-23 02:00:00,11.4,11.120999999999999
2023-03-23 03:00:00,11.8,10.825999999999997
2023-03-23 04:00:00,10.5,10.543
2023-03-23 05:00:00,10.0,10.502
2023-03-23 06:00:00,10.5,10.579
2023-03-23 07:00:00,13.5,12.926000000000004
2023-03-23 08:00:00,10.9,11.693000000000001
2023-03-23 09:00:00,9.2,11.793000000000005
2023-03-23 10:00:00,8.9,12.719000000000003
2023-03-23 11:00:00,8.3,13.67699999999999
2023-03-23 12:00:00,5.6,13.530999999999992
2023-03-23 13:00:00,9.4,12.90899999999999
2023-03-23 14:00:00,5.9,10.95999999999999
2023-03-23 15:00:00,9.3,12.123999999999988
2023-03-23 16:00:00,15.0,13.601
2023-03-23 17:00:00,27.2,23.754999999999978
2023-03-23 18:00:00,29.2,24.820999999999994
2023-03-23 19:00:00,23.6,24.436999999999998
2023-03-23 20:00:00,23.9,23.428999999999995
2023-03-23 21:00:00,20.5,21.712
2023-03-23 22:00:00,17.7,20.539999999999985
2023-03-23 23:00:00,14.1,17.01800000000002
2023-03-24 00:00:00,11.5,14.610000000000012
2023-03-24 01:00:00,11.3,12.349000000000006
2023-03-24 02:00:00,8.4,11.070999999999996
2023-03-24 03:00:00,13.0,10.682999999999995
2023-03-24 04:00:00,8.5,10.392000000000003
2023-03-24 05:00:00,7.9,10.392000000000001
2023-03-24 06:00:00,8.0,10.283000000000001
2023-03-24 07:00:00,11.9,12.671000000000003
2023-03-24 08:00:00,11.7,12.160000000000007
2023-03-24 09:00:00,11.4,13.391999999999998
2023-03-24 10:00:00,13.6,13.713999999999997
2023-03-24 11:00:00,14.8,14.820999999999993
2023-03-24 12:00:00,12.7,15.058999999999992
2023-03-24 13:00:00,12.0,14.829999999999991
2023-03-24 14:00:00,13.8,15.293999999999988
2023-03-24 15:00:00,13.9,15.093000000000004
2023-03-24 16:00:00,18.5,15.628
2023-03-24 17:00:00,22.2,23.521999999999984
2023-03-24 18:00:00,29.5,23.251999999999995
2023-03-24 19:00:00,26.9,22.518
2023-03-24 20:00:00,20.4,21.607000000000006
2023-03-24 21:00:00,19.5,21.375
2023-03-24 22:00:00,18.4,20.367999999999988
2023-03-24 23:00:00,15.2,16.45500000000002
2023-03-25 00:00:00,12.2,14.722000000000014
2023-03-25 01:00:00,10.3,12.439000000000007
2023-03-25 02:00:00,9.1,10.948999999999996
2023-03-25 03:00:00,13.1,10.817000000000002
2023-03-25 04:00:00,9.1,10.130000000000006
2023-03-25 05:00:00,9.0,10.062000000000005
2023-03-25 06:00:00,8.9,9.815000000000003
2023-03-25 07:00:00,9.2,9.766000000000005
2023-03-25 08:00:00,13.4,13.264999999999997
2023-03-25 09:00:00,17.0,14.787
2023-03-25 10:00:00,14.9,15.105000000000002
2023-03-25 11:00:00,15.2,16.315
2023-03-25 12:00:00,16.0,17.555999999999997
2023-03-25 13:00:00,11.0,17.929999999999996
2023-03-25 14:00:00,12.4,16.621
2023-03-25 15:00:00,14.2,17.176
2023-03-25 16:00:00,18.1,16.758999999999997
2023-03-25 17:00:00,21.5,23.721999999999984
2023-03-25 18:00:00,34.7,24.786999999999992
2023-03-25 19:00:00,25.2,23.272
2023-03-25 20:00:00,17.7,22.77399999999999
2023-03-25 21:00:00,18.8,21.345
2023-03-25 22:00:00,17.4,20.28199999999999
2023-03-25 23:00:00,15.4,17.145000000000017
2023-03-26 00:00:00,11.1,14.565000000000014
2023-03-26 01:00:00,10.5,12.214000000000004
2023-03-26 02:00:00,11.5,11.018999999999998
2023-03-26 05:00:00,9.9,10.435
2023-03-26 06:00:00,8.8,9.954000000000006
2023-03-26 07:00:00,9.7,9.812000000000005
2023-03-26 08:00:00,10.6,11.845000000000004
2023-03-26 09:00:00,12.9,12.433000000000003
2023-03-26 10:00:00,13.2,13.042000000000009
2023-03-26 11:00:00,15.1,15.697999999999997
2023-03-26 12:00:00,15.8,17.111999999999995
2023-03-26 13:00:00,18.4,17.89
2023-03-26 14:00:00,21.6,19.06
2023-03-26 15:00:00,23.2,18.779000000000007
2023-03-26 16:00:00,22.8,18.833000000000006
2023-03-26 17:00:00,25.5,24.59999999999998
2023-03-26 18:00:00,29.6,24.791
2023-03-26 19:00:00,30.1,24.178000000000008
2023-03-26 20:00:00,24.7,23.450000000000003
2023-03-26 21:00:00,27.0,22.085
2023-03-26 22:00:00,23.0,20.541999999999984
2023-03-26 23:00:00,18.9,17.149000000000022
2023-03-27 00:00:00,15.1,14.63700000000001
2023-03-27 01:00:00,13.8,12.394000000000005
2023-03-27 02:00:00,13.4,11.026000000000002
2023-03-27 03:00:00,12.2,10.656999999999998
2023-03-27 04:00:00,13.7,10.461000000000002
2023-03-27 05:00:00,9.8,10.474
2023-03-27 06:00:00,11.4,10.538000000000002
2023-03-27 07:00:00,13.7,12.785000000000004
2023-03-27 08:00:00,12.8,12.627
2023-03-27 09:00:00,13.8,13.384999999999998
2023-03-27 10:00:00,15.6,14.015
2023-03-27 11:00:00,18.7,15.932
2023-03-27 12:00:00,17.9,17.675
2023-03-27 13:00:00,13.9,18.004999999999995
2023-03-27 14:00:00,12.7,18.527
2023-03-27 15:00:00,14.7,18.731
2023-03-27 16:00:00,16.2,18.730999999999998
2023-03-27 17:00:00,16.9,23.709999999999987
2023-03-27 18:00:00,24.4,24.729000000000006
2023-03-27 19:00:00,41.8,25.369
2023-03-27 20:00:00,28.8,24.41700000000001
2023-03-27 21:00:00,21.3,22.011999999999997
2023-03-27 22:00:00,20.9,21.223999999999982
2023-03-27 23:00:00,16.9,17.44900000000001
2023-03-28 00:00:00,12.5,14.503000000000013
2023-03-28 01:00:00,11.4,12.60600000000001
2023-03-28 02:00:00,9.9,11.047999999999996
2023-03-28 03:00:00,9.7,10.623
2023-03-28 04:00:00,12.8,10.514000000000001
2023-03-28 05:00:00,9.6,10.297
2023-03-28 06:00:00,10.8,10.522000000000002
2023-03-28 07:00:00,12.1,12.783000000000001
2023-03-28 08:00:00,11.5,14.128999999999992
2023-03-28 09:00:00,10.8,14.839999999999991
2023-03-28 10:00:00,11.3,14.83999999999999
2023-03-28 11:00:00,13.7,15.46099999999999
2023-03-28 12:00:00,12.4,15.05599999999999
2023-03-28 13:00:00,11.7,14.60999999999999
2023-03-28 14:00:00,11.5,15.723999999999984
2023-03-28 15:00:00,12.2,15.985999999999988
2023-03-28 16:00:00,14.5,16.204999999999988
2023-03-28 17:00:00,22.3,23.23899999999999
2023-03-28 18:00:00,29.0,25.574999999999996
2023-03-28 19:00:00,35.7,25.895000000000003
2023-03-28 20:00:00,26.0,24.539000000000005
2023-03-28 21:00:00,23.5,22.393
2023-03-28 22:00:00,21.8,21.040999999999983
2023-03-28 23:00:00,16.8,17.284000000000013
2023-03-29 00:00:00,12.0,14.540000000000012
2023-03-29 01:00:00,11.3,12.434000000000008
2023-03-29 02:00:00,10.2,10.899
2023-03-29 03:00:00,10.5,10.395999999999997
2023-03-29 04:00:00,13.0,10.216000000000001
2023-03-29 05:00:00,9.6,10.267000000000001
2023-03-29 06:00:00,10.5,10.439000000000004
2023-03-29 07:00:00,11.8,12.914000000000001
2023-03-29 08:00:00,13.7,14.613999999999992
2023-03-29 09:00:00,12.1,14.844999999999988
2023-03-29 10:00:00,10.1,14.82599999999999
2023-03-29 11:00:00,8.2,14.915999999999991
2023-03-29 12:00:00,4.3,14.45499999999999
2023-03-29 13:00:00,3.1,14.27899999999999
2023-03-29 14:00:00,5.6,15.187999999999986
2023-03-29 15:00:00,6.8,15.582999999999984
2023-03-29 16:00:00,9.5,15.710999999999988
2023-03-29 17:00:00,13.5,22.213999999999995
2023-03-29 18:00:00,24.1,25.221999999999994
2023-03-29 19:00:00,30.6,25.536000000000005
2023-03-29 20:00:00,29.3,24.984999999999996
2023-03-29 21:00:00,26.4,23.070000000000004
2023-03-29 22:00:00,21.6,21.775999999999982
2023-03-29 23:00:00,16.6,17.34400000000001
2023-03-30 00:00:00,14.3,14.631000000000014
2023-03-30 01:00:00,12.4,12.65000000000001
2023-03-30 03:00:00,11.1,10.053999999999997
2023-03-30 04:00:00,11.9,9.899000000000003
2023-03-30 05:00:00,9.9,9.893000000000002
2023-03-30 06:00:00,10.0,10.618000000000006
2023-03-30 07:00:00,11.8,12.667
2023-03-30 08:00:00,10.2,12.551999999999998
2023-03-30 09:00:00,7.4,13.465999999999994
2023-03-30 10:00:00,8.3,15.101999999999991
2023-03-30 11:00:00,7.4,14.609999999999989
2023-03-30 12:00:00,13.6,15.15399999999999
2023-03-30 13:00:00,15.8,14.454999999999991
2023-03-30 14:00:00,16.9,15.534999999999986
2023-03-30 15:00:00,15.1,15.794999999999986
2023-03-30 16:00:00,13.0,16.07199999999999
2023-03-30 17:00:00,20.8,23.96199999999999
2023-03-30 18:00:00,26.4,24.986000000000004
2023-03-30 19:00:00,33.1,25.107000000000003
2023-03-30 20:00:00,24.0,24.523000000000007
2023-03-30 21:00:00,22.0,22.225
2023-03-30 22:00:00,19.0,21.578999999999972
2023-03-30 23:00:00,16.4,17.249000000000017
2023-03-31 00:00:00,13.8,14.47600000000001
2023-03-31 01:00:00,13.5,12.503000000000004
2023-03-31 02:00:00,11.1,10.850999999999999
2023-03-31 03:00:00,12.2,10.667
2023-03-31 04:00:00,13.0,10.424000000000005
2023-03-31 05:00:00,10.6,10.370000000000003
2023-03-31 06:00:00,11.1,10.210000000000003
2023-03-31 07:00:00,12.8,12.635000000000002
2023-03-31 08:00:00,14.1,14.037999999999993
2023-03-31 09:00:00,12.5,14.536999999999988
2023-03-31 10:00:00,11.6,14.73599999999999
2023-03-31 11:00:00,12.5,15.33499999999999
2023-03-31 12:00:00,15.7,15.063999999999986
2023-03-31 13:00:00,15.3,14.78799999999999
2023-03-31 14:00:00,15.1,16.13699999999999
2023-03-31 15:00:00,13.5,16.218999999999987
2023-03-31 16:00:00,13.3,16.03299999999999
2023-03-31 17:00:00,18.7,23.66799999999999
2023-03-31 18:00:00,25.4,24.951000000000004
2023-03-31 19:00:00,34.3,24.81000000000001
2023-03-31 20:00:00,23.6,23.929000000000002
2023-03-31 21:00:00,22.4,21.677999999999997
2023-03-31 22:00:00,22.2,21.267999999999983
2023-03-31 23:00:00,16.5,17.138000000000012
